Feature Set,Model,Accuracy (%),ROC AUC,Sensitivity (Res),Specificity (Sus),Precision (Res),Recall (Res),F1 (Res),Precision (Sus),Recall (Sus),F1 (Sus),Support (Res),Support (Sus),Incorrect Predictions
Proximity,Random Forest,18.269230769230766,64.34108527131782,4.651162790697675,83.33333333333334,57.14285714285714,4.651162790697675,8.60215053763441,15.463917525773196,83.33333333333334,26.08695652173913,86,18,85
Proximity,Logistic Regression,50.0,74.77390180878554,44.18604651162791,77.77777777777779,90.47619047619048,44.18604651162791,59.375,22.58064516129032,77.77777777777779,35.0,86,18,52
Proximity_zeroed,Random Forest,50.96153846153846,70.12273901808784,45.348837209302324,77.77777777777779,90.69767441860465,45.348837209302324,60.46511627906976,22.950819672131146,77.77777777777779,35.44303797468354,86,18,51
Proximity_zeroed,Logistic Regression,70.1923076923077,80.03875968992247,68.6046511627907,77.77777777777779,93.65079365079364,68.6046511627907,79.19463087248322,34.146341463414636,77.77777777777779,47.45762711864407,86,18,31
Proximity_1d,Random Forest,17.307692307692307,60.3359173126615,0.0,100.0,0.0,0.0,0.0,17.307692307692307,100.0,29.508196721311474,86,18,86
Proximity_1d,Logistic Regression,52.88461538461539,88.40439276485789,44.18604651162791,94.44444444444444,97.43589743589743,44.18604651162791,60.8,26.153846153846157,94.44444444444444,40.963855421686745,86,18,49
G-score,Random Forest,74.03846153846155,54.39276485788114,86.04651162790698,16.666666666666664,83.14606741573034,86.04651162790698,84.57142857142857,20.0,16.666666666666664,18.181818181818183,86,18,27
G-score,Logistic Regression,82.6923076923077,82.20284237726098,98.83720930232558,5.555555555555555,83.33333333333334,98.83720930232558,90.42553191489363,50.0,5.555555555555555,10.0,86,18,18
G-score + Proximity_3D,Random Forest,31.73076923076923,63.24289405684754,22.093023255813954,77.77777777777779,82.6086956521739,22.093023255813954,34.862385321100916,17.28395061728395,77.77777777777779,28.28282828282828,86,18,71
G-score + Proximity_3D,Logistic Regression,75.96153846153845,85.4328165374677,75.5813953488372,77.77777777777779,94.20289855072464,75.5813953488372,83.87096774193549,40.0,77.77777777777779,52.83018867924528,86,18,25
G-score + Proximity_1D,Random Forest,79.8076923076923,79.45736434108527,87.20930232558139,44.44444444444444,88.23529411764706,87.20930232558139,87.71929824561403,42.10526315789473,44.44444444444444,43.24324324324324,86,18,21
G-score + Proximity_1D,Logistic Regression,72.11538461538461,89.89018087855297,67.44186046511628,94.44444444444444,98.30508474576271,67.44186046511628,80.0,37.77777777777778,94.44444444444444,53.96825396825397,86,18,29
