gene,one_letter_mutation,confidence_2023,true_label,model_prediction,correct
rpoB,I491L,1) Assoc w R,1,0,False
rpoB,S493L,1) Assoc w R,1,0,False
rpoB,I491M,1) Assoc w R,1,0,False
rpoB,I491T,1) Assoc w R,1,0,False
rpoB,T350I,4) Not assoc w R - Interim,0,0,True
rpoB,V113I,4) Not assoc w R - Interim,0,0,True
rpoB,S16C,5) Not assoc w R,0,1,False
rpoB,M655T,5) Not assoc w R,0,0,True
inhA,S94A,1) Assoc w R,1,1,True
inhA,I194T,1) Assoc w R,1,1,True
inhA,I21T,1) Assoc w R,1,1,True
inhA,I21V,1) Assoc w R,1,1,True
inhA,A239V,2) Assoc w R - Interim,1,0,False
inhA,V78A,5) Not assoc w R,0,0,True
katG,S315I,1) Assoc w R,1,0,False
katG,S315G,1) Assoc w R,1,0,False
katG,A109V,1) Assoc w R,1,1,True
katG,A110V,1) Assoc w R,1,1,True
katG,L141S,1) Assoc w R,1,1,True
katG,P232A,2) Assoc w R - Interim,1,0,False
katG,M257I,2) Assoc w R - Interim,1,0,False
katG,G299S,2) Assoc w R - Interim,1,0,False
katG,P232S,2) Assoc w R - Interim,1,0,False
katG,G297V,1) Assoc w R,1,0,False
katG,A614T,4) Not assoc w R - Interim,0,0,True
katG,T354I,4) Not assoc w R - Interim,0,0,True
katG,S457G,4) Not assoc w R - Interim,0,0,True
katG,P718S,4) Not assoc w R - Interim,0,0,True
embB,S297A,1) Assoc w R,1,1,True
embB,V456A,1) Assoc w R,1,0,False
embB,L402V,1) Assoc w R,1,1,True
embB,S347I,1) Assoc w R,1,0,False
embB,S347T,1) Assoc w R,1,0,False
embB,P404S,2) Assoc w R - Interim,1,1,True
embB,T642A,2) Assoc w R - Interim,1,0,False
embB,V668A,4) Not assoc w R - Interim,0,0,True
pncA,L159P,1) Assoc w R,1,1,True
pncA,V139M,1) Assoc w R,1,1,True
pncA,S66P,1) Assoc w R,1,1,True
pncA,H137P,1) Assoc w R,1,1,True
pncA,H43P,1) Assoc w R,1,1,True
pncA,T100P,1) Assoc w R,1,0,False
pncA,P54S,1) Assoc w R,1,0,False
pncA,G78V,1) Assoc w R,1,0,False
pncA,T142P,2) Assoc w R - Interim,1,1,True
pncA,M175I,1) Assoc w R,1,0,False
pncA,L35P,1) Assoc w R,1,1,True
pncA,V163A,1) Assoc w R,1,1,True
pncA,T114P,1) Assoc w R,1,0,False
pncA,I6S,1) Assoc w R,1,1,True
pncA,G78S,1) Assoc w R,1,0,False
pncA,L156P,1) Assoc w R,1,1,True
pncA,G132C,1) Assoc w R,1,1,True
pncA,T61P,1) Assoc w R,1,1,True
pncA,L159V,1) Assoc w R,1,1,True
pncA,S104G,1) Assoc w R,1,1,True
pncA,A102T,1) Assoc w R,1,1,True
gyrA,A74S,2) Assoc w R - Interim,1,0,False
gyrA,A456V,4) Not assoc w R - Interim,0,0,True
rpsL,G124S,4) Not assoc w R - Interim,0,1,False
gid,L79S,1) Assoc w R,1,1,True
gid,A138V,1) Assoc w R,1,1,True
gid,L91P,1) Assoc w R,1,1,True
gid,A80P,1) Assoc w R,1,1,True
gid,V77G,2) Assoc w R - Interim,1,1,True
gid,V77A,1) Assoc w R,1,1,True
gid,P75S,1) Assoc w R,1,1,True
gid,V65G,1) Assoc w R,1,0,False
gid,V65A,1) Assoc w R,1,0,False
gid,G37A,1) Assoc w R,1,1,True
gid,A82P,1) Assoc w R,1,1,True
gid,G34V,1) Assoc w R,1,1,True
gid,P75L,1) Assoc w R,1,1,True
gid,V36G,1) Assoc w R,1,1,True
gid,V88A,1) Assoc w R,1,0,False
gid,V124A,2) Assoc w R - Interim,1,0,False
gid,A19T,1) Assoc w R,1,0,False
gid,L152S,2) Assoc w R - Interim,1,0,False
gid,V135G,1) Assoc w R,1,1,True
gid,L91V,4) Not assoc w R - Interim,0,1,False
gid,A10V,4) Not assoc w R - Interim,0,1,False
gid,A205T,5) Not assoc w R,0,0,True
ethA,T314I,1) Assoc w R,1,0,False
ethA,T321P,1) Assoc w R,1,0,False
ethA,A381P,2) Assoc w R - Interim,1,1,True
ethA,H281P,2) Assoc w R - Interim,1,1,True
ethA,T61M,1) Assoc w R,1,0,False
ethA,V202G,2) Assoc w R - Interim,1,0,False
ethA,L205P,2) Assoc w R - Interim,1,0,False
ethA,T314A,2) Assoc w R - Interim,1,0,False
ethA,G43S,2) Assoc w R - Interim,1,1,True
ethA,L194P,2) Assoc w R - Interim,1,0,False
ethA,T44A,2) Assoc w R - Interim,1,1,True
ethA,T342A,2) Assoc w R - Interim,1,1,True
ethA,S55P,2) Assoc w R - Interim,1,1,True
Rv0678,I67S,2) Assoc w R - Interim,1,0,False
Rv0678,A36V,2) Assoc w R - Interim,1,0,False
Rv0678,L32S,1) Assoc w R,1,0,False
Rv0678,M146T,2) Assoc w R - Interim,1,0,False
rplC,A31T,5) Not assoc w R,0,0,True
gyrB,G520A,5) Not assoc w R,0,0,True
gyrB,T500A,2) Assoc w R - Interim,1,1,True
gyrB,A504T,2) Assoc w R - Interim,1,0,False
gyrB,T393S,4) Not assoc w R - Interim,0,0,True
