drug,gene,variant,Present_R,Present_S,confidence,one_letter_mutation,phenotype,position,WHO_Adjusted_Position,Proximity_to_R_Conferring,Nearest_Mutation_Index,G_score
RIF,rpoB,rpoB_A2T,1.0,0.0,3) Uncertain significance,A2T,Unknown,2,8.0,,,
RIF,rpoB,rpoB_D3G,0.0,6.0,3) Uncertain significance,D3G,Unknown,3,9.0,,,
RIF,rpoB,rpoB_T9I,1.0,1.0,3) Uncertain significance,T9I,Unknown,9,15.0,,,
RIF,rpoB,rpoB_S12T,0.0,4.0,3) Uncertain significance,S12T,Unknown,12,18.0,,,
RIF,rpoB,rpoB_S16C,0.0,18.0,3) Uncertain significance,S16C,Unknown,16,22.0,,,
RIF,rpoB,rpoB_Q19R,1.0,0.0,3) Uncertain significance,Q19R,Unknown,19,25.0,,,
RIF,rpoB,rpoB_S20I,0.0,1.0,3) Uncertain significance,S20I,Unknown,20,26.0,,,
RIF,rpoB,rpoB_S21F,0.0,1.0,3) Uncertain significance,S21F,Unknown,21,27.0,20.343080518938123,449.0,0.3458204764419435
RIF,rpoB,rpoB_N24K,2.0,0.0,3) Uncertain significance,N24K,Unknown,24,30.0,18.42842719821743,449.0,0.3830546468514382
RIF,rpoB,rpoB_N24D,0.0,1.0,3) Uncertain significance,N24D,Unknown,24,30.0,18.42842719821743,449.0,0.3830546468514382
RIF,rpoB,rpoB_P27H,0.0,6.0,3) Uncertain significance,P27H,Unknown,27,33.0,16.818325421991336,449.0,0.4689023645379115
RIF,rpoB,rpoB_G28R,0.0,6.0,3) Uncertain significance,G28R,Unknown,28,34.0,17.13144634874709,445.0,0.4364235528121293
RIF,rpoB,rpoB_A29T,0.0,1.0,3) Uncertain significance,A29T,Unknown,29,35.0,15.642387445655467,449.0,0.5543334867883007
RIF,rpoB,rpoB_A29V,0.0,1.0,3) Uncertain significance,A29V,Unknown,29,35.0,15.642387445655467,449.0,0.5543334867883007
RIF,rpoB,rpoB_P30A,2.0,4.0,3) Uncertain significance,P30A,Unknown,30,36.0,14.921499388466282,445.0,0.5494596517584363
RIF,rpoB,rpoB_P30S,0.0,2.0,3) Uncertain significance,P30S,Unknown,30,36.0,14.921499388466282,445.0,0.5494596517584363
RIF,rpoB,rpoB_V33L,0.0,1.0,3) Uncertain significance,V33L,Unknown,33,39.0,20.483035248712536,449.0,0.1929275150103218
RIF,rpoB,rpoB_K37R,4.0,1.0,3) Uncertain significance,K37R,Unknown,37,43.0,23.111251675320407,449.0,0.2154795295883138
RIF,rpoB,rpoB_L42V,10.0,0.0,3) Uncertain significance,L42V,Unknown,42,48.0,15.848430016881796,449.0,0.6228389598999902
RIF,rpoB,rpoB_L42F,1.0,0.0,3) Uncertain significance,L42F,Unknown,42,48.0,15.848430016881796,449.0,0.6228389598999902
RIF,rpoB,rpoB_V44A,0.0,1.0,3) Uncertain significance,V44A,Unknown,44,50.0,8.635983904570459,449.0,1.4087332685236615
RIF,rpoB,rpoB_V44G,1.0,0.0,3) Uncertain significance,V44G,Unknown,44,50.0,8.635983904570459,449.0,1.4087332685236615
RIF,rpoB,rpoB_P45R,7.0,0.0,3) Uncertain significance,P45R,Unknown,45,51.0,8.43130061141222,449.0,1.4311795763752642
RIF,rpoB,rpoB_P45Q,1.0,0.0,3) Uncertain significance,P45Q,Unknown,45,51.0,8.43130061141222,449.0,1.4311795763752642
RIF,rpoB,rpoB_P45T,6.0,0.0,3) Uncertain significance,P45T,Unknown,45,51.0,8.43130061141222,449.0,1.4311795763752642
RIF,rpoB,rpoB_P45L,18.0,0.0,3) Uncertain significance,P45L,Unknown,45,51.0,8.43130061141222,449.0,1.4311795763752642
RIF,rpoB,rpoB_P45S,38.0,0.0,3) Uncertain significance,P45S,Unknown,45,51.0,8.43130061141222,449.0,1.4311795763752642
RIF,rpoB,rpoB_P45A,3.0,1.0,3) Uncertain significance,P45A,Unknown,45,51.0,8.43130061141222,449.0,1.4311795763752642
RIF,rpoB,rpoB_G46V,3.0,0.0,3) Uncertain significance,G46V,Unknown,46,52.0,7.167403016434917,449.0,1.8066025319270176
RIF,rpoB,rpoB_L48F,0.0,4.0,3) Uncertain significance,L48F,Unknown,48,54.0,3.56504151448479,452.0,3.2879735477055214
RIF,rpoB,rpoB_D49H,0.0,1.0,3) Uncertain significance,D49H,Unknown,49,55.0,7.5509002112331105,452.0,1.7712933828645678
RIF,rpoB,rpoB_V50G,2.0,0.0,3) Uncertain significance,V50G,Unknown,50,56.0,3.770758809576673,452.0,2.923228948189316
RIF,rpoB,rpoB_Q51P,1.0,0.0,3) Uncertain significance,Q51P,Unknown,51,57.0,3.2328430212430663,452.0,2.9676571158778953
RIF,rpoB,rpoB_T52S,0.0,1.0,3) Uncertain significance,T52S,Unknown,52,58.0,7.757458604465761,452.0,1.5325551735242988
RIF,rpoB,rpoB_T52P,5.0,0.0,3) Uncertain significance,T52P,Unknown,52,58.0,7.757458604465761,452.0,1.5325551735242988
RIF,rpoB,rpoB_D53N,0.0,4.0,3) Uncertain significance,D53N,Unknown,53,59.0,9.844998628745461,452.0,1.077663836383579
RIF,rpoB,rpoB_E66K,0.0,2.0,3) Uncertain significance,E66K,Unknown,66,72.0,22.33672522998838,452.0,0.1843153007602241
RIF,rpoB,rpoB_S67F,0.0,1.0,3) Uncertain significance,S67F,Unknown,67,73.0,18.605263180078904,452.0,0.3512685357558581
RIF,rpoB,rpoB_A68V,0.0,1.0,3) Uncertain significance,A68V,Unknown,68,74.0,20.621530156610614,452.0,0.2417595390978473
RIF,rpoB,rpoB_A69P,0.0,8.0,3) Uncertain significance,A69P,Unknown,69,75.0,23.297803437234172,452.0,0.162152171664582
RIF,rpoB,rpoB_N75T,1.0,0.0,3) Uncertain significance,N75T,Unknown,75,81.0,24.183263737552082,176.0,0.0781564951611229
RIF,rpoB,rpoB_V77M,0.0,1.0,3) Uncertain significance,V77M,Unknown,77,83.0,20.07975662203108,176.0,0.1557472375672591
RIF,rpoB,rpoB_G79S,2.0,0.0,3) Uncertain significance,G79S,Unknown,79,85.0,16.60572615093965,176.0,0.29368274260753
RIF,rpoB,rpoB_L80V,0.0,3.0,3) Uncertain significance,L80V,Unknown,80,86.0,16.61451958378576,432.0,0.2308569815503889
RIF,rpoB,rpoB_E82G,1.0,0.0,3) Uncertain significance,E82G,Unknown,82,88.0,17.201216294204304,436.0,0.1145345382585113
RIF,rpoB,rpoB_S88P,1.0,0.0,3) Uncertain significance,S88P,Unknown,88,94.0,25.223896804419393,434.0,-0.1149136112498588
RIF,rpoB,rpoB_P89S,0.0,1.0,3) Uncertain significance,P89S,Unknown,89,95.0,28.439440412919474,434.0,-0.1556097909192398
RIF,rpoB,rpoB_I90L,2.0,0.0,3) Uncertain significance,I90L,Unknown,90,96.0,24.680091207286882,433.0,-0.0907028062424956
RIF,rpoB,rpoB_D92G,3.0,1.0,3) Uncertain significance,D92G,Unknown,92,98.0,31.884442773866997,433.0,-0.1801454324124691
RIF,rpoB,rpoB_F93L,0.0,2.0,3) Uncertain significance,F93L,Unknown,93,99.0,32.908861739659116,433.0,-0.1819487438751898
RIF,rpoB,rpoB_G95R,0.0,1.0,3) Uncertain significance,G95R,Unknown,95,101.0,36.314794684811304,433.0,-0.2141157871254022
RIF,rpoB,rpoB_S98A,0.0,1.0,3) Uncertain significance,S98A,Unknown,98,104.0,31.877397698055596,432.0,-0.2009999698184297
RIF,rpoB,rpoB_D103E,0.0,9.0,3) Uncertain significance,D103E,Unknown,103,109.0,24.721635969328595,432.0,-0.0024018790334777
RIF,rpoB,rpoB_D107E,0.0,4.0,3) Uncertain significance,D107E,Unknown,107,113.0,20.885146994933997,432.0,0.2727074961908144
RIF,rpoB,rpoB_D108E,0.0,1.0,3) Uncertain significance,D108E,Unknown,108,114.0,20.029430271478027,432.0,0.333723960429537
RIF,rpoB,rpoB_K110R,1.0,0.0,3) Uncertain significance,K110R,Unknown,110,116.0,16.673757614886934,432.0,0.3516690085207969
RIF,rpoB,rpoB_V113I,5.0,42.0,3) Uncertain significance,V113I,Unknown,113,119.0,9.518716352534083,442.0,1.0136651722190817
RIF,rpoB,rpoB_C116F,0.0,1.0,3) Uncertain significance,C116F,Unknown,116,122.0,12.283624424411558,442.0,0.6640240841512931
RIF,rpoB,rpoB_D120G,0.0,1.0,3) Uncertain significance,D120G,Unknown,120,126.0,12.019267406959555,432.0,0.6593526681936455
RIF,rpoB,rpoB_M121I,1.0,4.0,3) Uncertain significance,M121I,Unknown,121,127.0,11.431112369319093,432.0,0.8519809222556528
RIF,rpoB,rpoB_V129G,0.0,3.0,3) Uncertain significance,V129G,Unknown,129,135.0,21.556393900650452,432.0,-0.0047075897850586
RIF,rpoB,rpoB_E132D,0.0,2.0,3) Uncertain significance,E132D,Unknown,132,138.0,29.713764436705116,432.0,-0.1818136709569646
RIF,rpoB,rpoB_N135D,1.0,0.0,3) Uncertain significance,N135D,Unknown,135,141.0,37.486491260186014,432.0,-0.1953112131533033
RIF,rpoB,rpoB_F151L,2.0,0.0,3) Uncertain significance,F151L,Unknown,151,157.0,12.141281316236784,432.0,0.5748971083094866
RIF,rpoB,rpoB_M153T,0.0,2.0,3) Uncertain significance,M153T,Unknown,153,159.0,10.591439090133127,437.0,0.969485930138678
RIF,rpoB,rpoB_M153V,0.0,1.0,3) Uncertain significance,M153V,Unknown,153,159.0,10.591439090133127,437.0,0.969485930138678
RIF,rpoB,rpoB_M154I,0.0,1.0,3) Uncertain significance,M154I,Unknown,154,160.0,7.5634496098010695,452.0,1.6258469910334634
RIF,rpoB,rpoB_E156G,2.0,0.0,3) Uncertain significance,E156G,Unknown,156,162.0,6.689067648035871,452.0,1.7786806671558308
RIF,rpoB,rpoB_E156D,0.0,3.0,3) Uncertain significance,E156D,Unknown,156,162.0,6.689067648035871,452.0,1.7786806671558308
RIF,rpoB,rpoB_G158S,1.0,0.0,3) Uncertain significance,G158S,Unknown,158,164.0,3.628294365125289,452.0,2.747154443803685
RIF,rpoB,rpoB_T159P,5.0,0.0,3) Uncertain significance,T159P,Unknown,159,165.0,3.317598076922541,452.0,2.7652443690986055
RIF,rpoB,rpoB_N163K,0.0,1.0,3) Uncertain significance,N163K,Unknown,163,169.0,6.065501875360359,432.0,1.5345772954264385
RIF,rpoB,rpoB_N163D,0.0,3.0,3) Uncertain significance,N163D,Unknown,163,169.0,6.065501875360359,432.0,1.5345772954264385
RIF,rpoB,rpoB_E166K,1.0,0.0,3) Uncertain significance,E166K,Unknown,166,172.0,3.3688456479927926,440.0,2.3265855622661578
RIF,rpoB,rpoB_E166G,1.0,0.0,3) Uncertain significance,E166G,Unknown,166,172.0,3.3688456479927926,440.0,2.3265855622661578
RIF,rpoB,rpoB_R167H,2.0,1.0,3) Uncertain significance,R167H,Unknown,167,173.0,2.465879559102593,437.0,2.882826756462065
RIF,rpoB,rpoB_R167C,5.0,1.0,3) Uncertain significance,R167C,Unknown,167,173.0,2.465879559102593,437.0,2.882826756462065
RIF,rpoB,rpoB_V168A,14.0,0.0,3) Uncertain significance,V168A,Unknown,168,174.0,2.7620524976907865,438.0,4.271829626738145
RIF,rpoB,rpoB_V168G,1.0,0.0,3) Uncertain significance,V168G,Unknown,168,174.0,2.7620524976907865,438.0,4.271829626738145
RIF,rpoB,rpoB_V168M,2.0,0.0,3) Uncertain significance,V168M,Unknown,168,174.0,2.7620524976907865,438.0,4.271829626738145
RIF,rpoB,rpoB_V170F,71.0,0.0,1) Assoc w R,V170F,Resistant,170,176.0,2.919608535403349,436.0,3.8835343351490694
RIF,rpoB,rpoB_V170A,8.0,1.0,3) Uncertain significance,V170A,Unknown,170,176.0,2.919608535403349,436.0,3.8835343351490694
RIF,rpoB,rpoB_V170G,1.0,0.0,3) Uncertain significance,V170G,Unknown,170,176.0,2.919608535403349,436.0,3.8835343351490694
RIF,rpoB,rpoB_Q172K,1.0,0.0,3) Uncertain significance,Q172K,Unknown,172,178.0,3.318881438075164,456.0,2.0758458903329204
RIF,rpoB,rpoB_Q172R,7.0,0.0,3) Uncertain significance,Q172R,Unknown,172,178.0,3.318881438075164,456.0,2.0758458903329204
RIF,rpoB,rpoB_L173P,2.0,0.0,3) Uncertain significance,L173P,Unknown,173,179.0,2.599231809592983,456.0,1.499699550649539
RIF,rpoB,rpoB_V179A,0.0,1.0,3) Uncertain significance,V179A,Unknown,179,185.0,18.741355180455894,457.0,-0.1933617694793947
RIF,rpoB,rpoB_V179M,0.0,1.0,3) Uncertain significance,V179M,Unknown,179,185.0,18.741355180455894,457.0,-0.1933617694793947
RIF,rpoB,rpoB_D186A,1.0,0.0,3) Uncertain significance,D186A,Unknown,186,192.0,25.129838260522096,458.0,-0.1189330729024961
RIF,rpoB,rpoB_D190A,1.0,0.0,3) Uncertain significance,D190A,Unknown,190,196.0,30.913558416979434,458.0,-0.1580005789741392
RIF,rpoB,rpoB_H194Y,1.0,12.0,3) Uncertain significance,H194Y,Unknown,194,200.0,24.216231189018668,457.0,-0.2852496778329242
RIF,rpoB,rpoB_S195R,1.0,1.0,3) Uncertain significance,S195R,Unknown,195,201.0,20.585883172698722,457.0,-0.2261312633937105
RIF,rpoB,rpoB_V198L,0.0,1.0,3) Uncertain significance,V198L,Unknown,198,204.0,18.038745022866756,457.0,-0.1818584523200602
RIF,rpoB,rpoB_V198M,0.0,1.0,3) Uncertain significance,V198M,Unknown,198,204.0,18.038745022866756,457.0,-0.1818584523200602
RIF,rpoB,rpoB_I199T,1.0,0.0,3) Uncertain significance,I199T,Unknown,199,205.0,13.045882300557514,457.0,0.0764109180349089
RIF,rpoB,rpoB_G203R,1.0,0.0,3) Uncertain significance,G203R,Unknown,203,209.0,17.443450490083645,436.0,0.0710719254901454
RIF,rpoB,rpoB_E207K,7.0,0.0,3) Uncertain significance,E207K,Unknown,207,213.0,18.246729268556614,457.0,-0.1728540844927977
RIF,rpoB,rpoB_F208L,0.0,2.0,3) Uncertain significance,F208L,Unknown,208,214.0,23.22873059381422,457.0,-0.3797019233483724
RIF,rpoB,rpoB_D209N,0.0,2.0,3) Uncertain significance,D209N,Unknown,209,215.0,24.511944720890682,457.0,-0.3144775795567791
RIF,rpoB,rpoB_D211V,0.0,1.0,3) Uncertain significance,D211V,Unknown,211,217.0,29.479840518564558,457.0,-0.3054648863126173
RIF,rpoB,rpoB_T215A,0.0,2.0,3) Uncertain significance,T215A,Unknown,215,221.0,31.334033222679793,457.0,-0.3360265674357396
RIF,rpoB,rpoB_V216I,0.0,1.0,3) Uncertain significance,V216I,Unknown,216,222.0,30.289723901019634,457.0,-0.4021958359857035
RIF,rpoB,rpoB_G217S,2.0,1.0,3) Uncertain significance,G217S,Unknown,217,223.0,27.241812164391703,457.0,-0.3436594418564281
RIF,rpoB,rpoB_R219S,1.0,0.0,3) Uncertain significance,R219S,Unknown,219,225.0,22.733801221969014,457.0,-0.2601704106265416
RIF,rpoB,rpoB_R219L,2.0,0.0,3) Uncertain significance,R219L,Unknown,219,225.0,22.733801221969014,457.0,-0.2601704106265416
RIF,rpoB,rpoB_R219C,6.0,0.0,3) Uncertain significance,R219C,Unknown,219,225.0,22.733801221969014,457.0,-0.2601704106265416
RIF,rpoB,rpoB_R224C,1.0,0.0,3) Uncertain significance,R224C,Unknown,224,230.0,27.244241887048357,457.0,-0.2400778317359025
RIF,rpoB,rpoB_R225Q,0.0,1.0,3) Uncertain significance,R225Q,Unknown,225,231.0,26.76217780749542,457.0,-0.3135488314790691
RIF,rpoB,rpoB_R225G,2.0,0.0,3) Uncertain significance,R225G,Unknown,225,231.0,26.76217780749542,457.0,-0.3135488314790691
RIF,rpoB,rpoB_Q226E,1.0,0.0,3) Uncertain significance,Q226E,Unknown,226,232.0,29.90642907469897,457.0,-0.3635305125079067
RIF,rpoB,rpoB_V228I,1.0,0.0,3) Uncertain significance,V228I,Unknown,228,234.0,30.187483648028707,457.0,-0.4067809099032546
RIF,rpoB,rpoB_L232R,1.0,0.0,3) Uncertain significance,L232R,Unknown,232,238.0,33.824576952269496,457.0,-0.4372177654246087
RIF,rpoB,rpoB_L232V,0.0,1.0,3) Uncertain significance,L232V,Unknown,232,238.0,33.824576952269496,457.0,-0.4372177654246087
RIF,rpoB,rpoB_L235R,0.0,1.0,3) Uncertain significance,L235R,Unknown,235,241.0,32.52325452656915,457.0,-0.4059470850730063
RIF,rpoB,rpoB_G236D,0.0,1.0,3) Uncertain significance,G236D,Unknown,236,242.0,37.8821380204444,457.0,-0.3596549049679684
RIF,rpoB,rpoB_S239R,0.0,1.0,3) Uncertain significance,S239R,Unknown,239,245.0,42.84975339485632,457.0,-0.3720397448294315
RIF,rpoB,rpoB_E240G,0.0,1.0,3) Uncertain significance,E240G,Unknown,240,246.0,44.09065148078443,457.0,-0.3525962826791388
RIF,rpoB,rpoB_E250G,6.0,71.0,5) Not assoc w R,E250G,Susceptible,250,256.0,38.65550771882319,457.0,-0.3487930129394394
RIF,rpoB,rpoB_S254P,4.0,0.0,3) Uncertain significance,S254P,Unknown,254,260.0,39.15224413746933,457.0,-0.3289345089633473
RIF,rpoB,rpoB_V262A,2.0,0.0,3) Uncertain significance,V262A,Unknown,262,268.0,42.90000081585081,457.0,-0.3538084687176553
RIF,rpoB,rpoB_V262F,0.0,1.0,3) Uncertain significance,V262F,Unknown,262,268.0,42.90000081585081,457.0,-0.3538084687176553
RIF,rpoB,rpoB_D265G,4.0,1.0,3) Uncertain significance,D265G,Unknown,265,271.0,40.48434486316905,457.0,-0.3320208903046687
RIF,rpoB,rpoB_D270E,0.0,2.0,3) Uncertain significance,D270E,Unknown,270,276.0,34.368955381273956,457.0,-0.319525167068043
RIF,rpoB,rpoB_R273C,3.0,0.0,3) Uncertain significance,R273C,Unknown,273,279.0,33.56542693010175,457.0,-0.2292277971302169
RIF,rpoB,rpoB_K274N,1.0,0.0,3) Uncertain significance,K274N,Unknown,274,280.0,29.884044070373093,457.0,-0.2648569510519516
RIF,rpoB,rpoB_K274E,1.0,0.0,3) Uncertain significance,K274E,Unknown,274,280.0,29.884044070373093,457.0,-0.2648569510519516
RIF,rpoB,rpoB_P280S,1.0,0.0,3) Uncertain significance,P280S,Unknown,280,286.0,36.96467001070076,433.0,-0.2469060171555308
RIF,rpoB,rpoB_P280L,1.0,0.0,3) Uncertain significance,P280L,Unknown,280,286.0,36.96467001070076,433.0,-0.2469060171555308
RIF,rpoB,rpoB_E284G,1.0,0.0,3) Uncertain significance,E284G,Unknown,284,290.0,37.93175463908833,433.0,-0.2642009731243717
RIF,rpoB,rpoB_A286V,41.0,0.0,3) Uncertain significance,A286V,Unknown,286,292.0,34.577716957601496,457.0,-0.3123401967049909
RIF,rpoB,rpoB_L290F,0.0,1.0,3) Uncertain significance,L290F,Unknown,290,296.0,29.546710764482768,457.0,-0.3264333653645895
RIF,rpoB,rpoB_E291K,1.0,0.0,3) Uncertain significance,E291K,Unknown,291,297.0,29.043082808131757,436.0,-0.2937439378586451
RIF,rpoB,rpoB_N292S,0.0,5.0,3) Uncertain significance,N292S,Unknown,292,298.0,25.85787054264134,436.0,-0.2168370319441223
RIF,rpoB,rpoB_L293S,3.0,0.0,3) Uncertain significance,L293S,Unknown,293,299.0,23.959302118383988,436.0,-0.2336943924353743
RIF,rpoB,rpoB_F295L,0.0,4.0,3) Uncertain significance,F295L,Unknown,295,301.0,27.167583201308137,436.0,-0.3456596989687917
RIF,rpoB,rpoB_K298R,0.0,1.0,3) Uncertain significance,K298R,Unknown,298,304.0,21.846012931425232,436.0,-0.0475936666221154
RIF,rpoB,rpoB_D301N,1.0,0.0,3) Uncertain significance,D301N,Unknown,301,307.0,18.23466536572578,436.0,-0.0169192919404831
RIF,rpoB,rpoB_R304C,0.0,1.0,3) Uncertain significance,R304C,Unknown,304,310.0,18.925596873018275,436.0,-0.0111363338611866
RIF,rpoB,rpoB_V305I,2.0,0.0,3) Uncertain significance,V305I,Unknown,305,311.0,16.03500951044311,455.0,0.1363219537350865
RIF,rpoB,rpoB_Y308C,5.0,0.0,3) Uncertain significance,Y308C,Unknown,308,314.0,18.626985612277707,455.0,-0.0498223902279774
RIF,rpoB,rpoB_Y308D,3.0,0.0,3) Uncertain significance,Y308D,Unknown,308,314.0,18.626985612277707,455.0,-0.0498223902279774
RIF,rpoB,rpoB_K309E,0.0,1.0,3) Uncertain significance,K309E,Unknown,309,315.0,16.29729048032218,455.0,-0.0125721435439182
RIF,rpoB,rpoB_V310G,0.0,1.0,3) Uncertain significance,V310G,Unknown,310,316.0,21.208158548068255,457.0,-0.200246309865615
RIF,rpoB,rpoB_L314V,0.0,1.0,3) Uncertain significance,L314V,Unknown,314,320.0,25.942749777153537,457.0,-0.3419305178634254
RIF,rpoB,rpoB_L316V,0.0,1.0,3) Uncertain significance,L316V,Unknown,316,322.0,28.286184472282578,457.0,-0.3324535731688978
RIF,rpoB,rpoB_H317Y,0.0,1.0,3) Uncertain significance,H317Y,Unknown,317,323.0,28.868684175071103,455.0,-0.2691517474215623
RIF,rpoB,rpoB_E320D,0.0,3.0,3) Uncertain significance,E320D,Unknown,320,326.0,27.134377180985783,455.0,-0.1317513450650374
RIF,rpoB,rpoB_E320G,0.0,1.0,3) Uncertain significance,E320G,Unknown,320,326.0,27.134377180985783,455.0,-0.1317513450650374
RIF,rpoB,rpoB_P321S,0.0,1.0,3) Uncertain significance,P321S,Unknown,321,327.0,29.07247588355695,455.0,-0.1730905119198053
RIF,rpoB,rpoB_E330D,1.0,0.0,3) Uncertain significance,E330D,Unknown,330,336.0,30.739404548559502,457.0,-0.3946713468110233
RIF,rpoB,rpoB_V332I,0.0,1.0,3) Uncertain significance,V332I,Unknown,332,338.0,27.452446266225536,457.0,-0.4090531405226386
RIF,rpoB,rpoB_A334V,0.0,2.0,3) Uncertain significance,A334V,Unknown,334,340.0,28.91343234553795,457.0,-0.3979100352204658
RIF,rpoB,rpoB_A334D,0.0,1.0,3) Uncertain significance,A334D,Unknown,334,340.0,28.91343234553795,457.0,-0.3979100352204658
RIF,rpoB,rpoB_E337K,0.0,1.0,3) Uncertain significance,E337K,Unknown,337,343.0,30.557899764218075,457.0,-0.4058552325583426
RIF,rpoB,rpoB_H343Q,1.0,23.0,3) Uncertain significance,H343Q,Unknown,343,349.0,29.438595363909602,457.0,-0.3303458163099979
RIF,rpoB,rpoB_E344Q,0.0,4.0,3) Uncertain significance,E344Q,Unknown,344,350.0,32.94998878603753,457.0,-0.3044165679290047
RIF,rpoB,rpoB_G345S,0.0,1.0,3) Uncertain significance,G345S,Unknown,345,351.0,31.540178074957026,457.0,-0.2677593654149299
RIF,rpoB,rpoB_T347I,0.0,1.0,3) Uncertain significance,T347I,Unknown,347,353.0,30.746338855219815,455.0,-0.2476193088756255
RIF,rpoB,rpoB_T350I,0.0,22.0,3) Uncertain significance,T350I,Unknown,350,356.0,34.545774705454214,457.0,-0.329948201436121
RIF,rpoB,rpoB_V351I,0.0,1.0,3) Uncertain significance,V351I,Unknown,351,357.0,32.23751401705784,457.0,-0.3347135258425571
RIF,rpoB,rpoB_V355I,1.0,0.0,3) Uncertain significance,V355I,Unknown,355,361.0,30.914046160281263,455.0,-0.2693433105175716
RIF,rpoB,rpoB_P358L,4.0,16.0,3) Uncertain significance,P358L,Unknown,358,364.0,26.3640091602169,455.0,-0.233337397803882
RIF,rpoB,rpoB_P358S,0.0,1.0,3) Uncertain significance,P358S,Unknown,358,364.0,26.3640091602169,455.0,-0.233337397803882
RIF,rpoB,rpoB_V359A,6.0,9.0,3) Uncertain significance,V359A,Unknown,359,365.0,27.194219587993306,457.0,-0.2844215522606166
RIF,rpoB,rpoB_D362H,0.0,1.0,3) Uncertain significance,D362H,Unknown,362,368.0,17.083331583739735,457.0,-0.0725489142659715
RIF,rpoB,rpoB_D363N,1.0,0.0,3) Uncertain significance,D363N,Unknown,363,369.0,13.913143749706599,457.0,0.139318692210444
RIF,rpoB,rpoB_N369D,0.0,1.0,3) Uncertain significance,N369D,Unknown,369,375.0,11.85222784964921,457.0,0.2900831889348704
RIF,rpoB,rpoB_E377V,1.0,0.0,3) Uncertain significance,E377V,Unknown,377,383.0,8.443413113190635,436.0,0.8874312263482466
RIF,rpoB,rpoB_L378R,4.0,0.0,3) Uncertain significance,L378R,Unknown,378,384.0,3.619544308334952,436.0,1.8576624755228075
RIF,rpoB,rpoB_N381H,0.0,74.0,5) Not assoc w R,N381H,Susceptible,381,387.0,8.685241447421026,436.0,0.748697113521617
RIF,rpoB,rpoB_S388L,5.0,53.0,5) Not assoc w R,S388L,Susceptible,388,394.0,16.1917567298919,433.0,0.158853043168254
RIF,rpoB,rpoB_M390T,2.0,13.0,3) Uncertain significance,M390T,Unknown,390,396.0,17.75776689226433,433.0,0.1027579918356693
RIF,rpoB,rpoB_V394L,1.0,0.0,3) Uncertain significance,V394L,Unknown,394,400.0,23.525893373047474,433.0,-0.1066523631491285
RIF,rpoB,rpoB_M398V,0.0,1.0,3) Uncertain significance,M398V,Unknown,398,404.0,29.673733755629748,433.0,-0.1219812024524253
RIF,rpoB,rpoB_T399A,2.0,0.0,3) Uncertain significance,T399A,Unknown,399,405.0,31.85613532743733,433.0,-0.1367668096006581
RIF,rpoB,rpoB_T399I,18.0,0.0,3) Uncertain significance,T399I,Unknown,399,405.0,31.85613532743733,433.0,-0.1367668096006581
RIF,rpoB,rpoB_T399N,1.0,0.0,3) Uncertain significance,T399N,Unknown,399,405.0,31.85613532743733,433.0,-0.1367668096006581
RIF,rpoB,rpoB_T399P,2.0,0.0,3) Uncertain significance,T399P,Unknown,399,405.0,31.85613532743733,433.0,-0.1367668096006581
RIF,rpoB,rpoB_T400A,25.0,0.0,3) Uncertain significance,T400A,Unknown,400,406.0,30.532736890098793,433.0,-0.0928064201958911
RIF,rpoB,rpoB_T400N,4.0,0.0,3) Uncertain significance,T400N,Unknown,400,406.0,30.532736890098793,433.0,-0.0928064201958911
RIF,rpoB,rpoB_T400S,7.0,0.0,3) Uncertain significance,T400S,Unknown,400,406.0,30.532736890098793,433.0,-0.0928064201958911
RIF,rpoB,rpoB_Q401R,2.0,0.0,3) Uncertain significance,Q401R,Unknown,401,407.0,29.446953407780597,432.0,-0.0954884987185718
RIF,rpoB,rpoB_Q409R,38.0,0.0,3) Uncertain significance,Q409R,Unknown,409,415.0,24.76627991846978,432.0,-0.0794307348313877
RIF,rpoB,rpoB_E423A,1.0,0.0,3) Uncertain significance,E423A,Unknown,423,429.0,2.7477155966365965,433.0,2.9162741159951744
RIF,rpoB,rpoB_E423G,1.0,0.0,3) Uncertain significance,E423G,Unknown,423,429.0,2.7477155966365965,433.0,2.9162741159951744
RIF,rpoB,rpoB_F424V,16.0,0.0,3) Uncertain significance,F424V,Unknown,424,430.0,2.947867195109036,434.0,2.2171772143305
RIF,rpoB,rpoB_F424L,6.0,0.0,3) Uncertain significance,F424L,Unknown,424,430.0,2.947867195109036,434.0,2.2171772143305
RIF,rpoB,rpoB_F424C,1.0,0.0,3) Uncertain significance,F424C,Unknown,424,430.0,2.947867195109036,434.0,2.2171772143305
RIF,rpoB,rpoB_G426S,0.0,1.0,2) Assoc w R - Interim,G426S,Resistant,426,432.0,1.3351771418055367,433.0,2.296258542266417
RIF,rpoB,rpoB_T427G,0.0,1.0,2) Assoc w R - Interim,T427G,Resistant,427,433.0,1.3300368415949795,434.0,4.233032197680376
RIF,rpoB,rpoB_T427N,0.0,1.0,2) Assoc w R - Interim,T427N,Resistant,427,433.0,1.3300368415949795,434.0,4.233032197680376
RIF,rpoB,rpoB_T427I,4.0,0.0,2) Assoc w R - Interim,T427I,Resistant,427,433.0,1.3300368415949795,434.0,4.233032197680376
RIF,rpoB,rpoB_T427S,1.0,0.0,2) Assoc w R - Interim,T427S,Resistant,427,433.0,1.3300368415949795,434.0,4.233032197680376
RIF,rpoB,rpoB_T427A,2.0,1.0,2) Assoc w R - Interim,T427A,Resistant,427,433.0,1.3300368415949795,434.0,4.233032197680376
RIF,rpoB,rpoB_S428T,3.0,0.0,2) Assoc w R - Interim,S428T,Resistant,428,434.0,1.3300368415949795,433.0,6.78062427094565
RIF,rpoB,rpoB_S428I,1.0,0.0,2) Assoc w R - Interim,S428I,Resistant,428,434.0,1.3300368415949795,433.0,6.78062427094565
RIF,rpoB,rpoB_S428G,1.0,0.0,2) Assoc w R - Interim,S428G,Resistant,428,434.0,1.3300368415949795,433.0,6.78062427094565
RIF,rpoB,rpoB_S428R,5.0,0.0,2) Assoc w R - Interim,S428R,Resistant,428,434.0,1.3300368415949795,433.0,6.78062427094565
RIF,rpoB,rpoB_Q429P,1.0,0.0,2) Assoc w R - Interim,Q429P,Resistant,429,435.0,1.3307219844881282,436.0,2.086821897994347
RIF,rpoB,rpoB_Q429H,6.0,1.0,2) Assoc w R - Interim,Q429H,Resistant,429,435.0,1.3307219844881282,436.0,2.086821897994347
RIF,rpoB,rpoB_Q429L,9.0,0.0,2) Assoc w R - Interim,Q429L,Resistant,429,435.0,1.3307219844881282,436.0,2.086821897994347
RIF,rpoB,rpoB_L430P,106.0,103.0,1) Assoc w R,L430P,Resistant,430,436.0,1.3307219844881282,435.0,6.550035230554482
RIF,rpoB,rpoB_L430R,21.0,1.0,2) Assoc w R - Interim,L430R,Resistant,430,436.0,1.3307219844881282,435.0,6.550035230554482
RIF,rpoB,rpoB_S431T,1.0,0.0,2) Assoc w R - Interim,S431T,Resistant,431,437.0,1.326582451263422,438.0,3.6385365626497705
RIF,rpoB,rpoB_S431R,3.0,0.0,2) Assoc w R - Interim,S431R,Resistant,431,437.0,1.326582451263422,438.0,3.6385365626497705
RIF,rpoB,rpoB_S431G,6.0,0.0,2) Assoc w R - Interim,S431G,Resistant,431,437.0,1.326582451263422,438.0,3.6385365626497705
RIF,rpoB,rpoB_Q432K,34.0,1.0,1) Assoc w R,Q432K,Resistant,432,438.0,1.326582451263422,437.0,4.418443872775936
RIF,rpoB,rpoB_Q432E,1.0,0.0,2) Assoc w R - Interim,Q432E,Resistant,432,438.0,1.326582451263422,437.0,4.418443872775936
RIF,rpoB,rpoB_Q432H,3.0,0.0,2) Assoc w R - Interim,Q432H,Resistant,432,438.0,1.326582451263422,437.0,4.418443872775936
RIF,rpoB,rpoB_Q432N,1.0,0.0,2) Assoc w R - Interim,Q432N,Resistant,432,438.0,1.326582451263422,437.0,4.418443872775936
RIF,rpoB,rpoB_Q432L,21.0,1.0,1) Assoc w R,Q432L,Resistant,432,438.0,1.326582451263422,437.0,4.418443872775936
RIF,rpoB,rpoB_Q432P,29.0,1.0,1) Assoc w R,Q432P,Resistant,432,438.0,1.326582451263422,437.0,4.418443872775936
RIF,rpoB,rpoB_M434I,16.0,3.0,2) Assoc w R - Interim,M434I,Resistant,434,440.0,1.3240173714872463,441.0,4.453996284211572
RIF,rpoB,rpoB_M434L,0.0,1.0,2) Assoc w R - Interim,M434L,Resistant,434,440.0,1.3240173714872463,441.0,4.453996284211572
RIF,rpoB,rpoB_M434V,4.0,3.0,2) Assoc w R - Interim,M434V,Resistant,434,440.0,1.3240173714872463,441.0,4.453996284211572
RIF,rpoB,rpoB_D435A,6.0,2.0,2) Assoc w R - Interim,D435A,Resistant,435,441.0,1.3240173714872463,440.0,4.29142343499352
RIF,rpoB,rpoB_D435V,732.0,9.0,1) Assoc w R,D435V,Resistant,435,441.0,1.3240173714872463,440.0,4.29142343499352
RIF,rpoB,rpoB_D435Y,162.0,44.0,1) Assoc w R,D435Y,Resistant,435,441.0,1.3240173714872463,440.0,4.29142343499352
RIF,rpoB,rpoB_D435G,76.0,9.0,2) Assoc w R - Interim,D435G,Resistant,435,441.0,1.3240173714872463,440.0,4.29142343499352
RIF,rpoB,rpoB_D435E,5.0,0.0,2) Assoc w R - Interim,D435E,Resistant,435,441.0,1.3240173714872463,440.0,4.29142343499352
RIF,rpoB,rpoB_D435L,2.0,0.0,2) Assoc w R - Interim,D435L,Resistant,435,441.0,1.3240173714872463,440.0,4.29142343499352
RIF,rpoB,rpoB_D435F,39.0,3.0,1) Assoc w R,D435F,Resistant,435,441.0,1.3240173714872463,440.0,4.29142343499352
RIF,rpoB,rpoB_D435H,3.0,0.0,2) Assoc w R - Interim,D435H,Resistant,435,441.0,1.3240173714872463,440.0,4.29142343499352
RIF,rpoB,rpoB_Q436N,0.0,1.0,2) Assoc w R - Interim,Q436N,Resistant,436,442.0,1.3337713447214152,441.0,3.464984521637454
RIF,rpoB,rpoB_Q436P,1.0,0.0,2) Assoc w R - Interim,Q436P,Resistant,436,442.0,1.3337713447214152,441.0,3.464984521637454
RIF,rpoB,rpoB_N437Y,0.0,1.0,2) Assoc w R - Interim,N437Y,Resistant,437,443.0,1.3378153833769506,442.0,3.2437437664452173
RIF,rpoB,rpoB_N437D,13.0,2.0,2) Assoc w R - Interim,N437D,Resistant,437,443.0,1.3378153833769506,442.0,3.2437437664452173
RIF,rpoB,rpoB_N437H,3.0,0.0,2) Assoc w R - Interim,N437H,Resistant,437,443.0,1.3378153833769506,442.0,3.2437437664452173
RIF,rpoB,rpoB_N437I,1.0,0.0,2) Assoc w R - Interim,N437I,Resistant,437,443.0,1.3378153833769506,442.0,3.2437437664452173
RIF,rpoB,rpoB_N437S,2.0,1.0,2) Assoc w R - Interim,N437S,Resistant,437,443.0,1.3378153833769506,442.0,3.2437437664452173
RIF,rpoB,rpoB_P439L,0.0,1.0,2) Assoc w R - Interim,P439L,Resistant,439,445.0,2.904342610643565,449.0,3.758494954034978
RIF,rpoB,rpoB_P439S,1.0,0.0,2) Assoc w R - Interim,P439S,Resistant,439,445.0,2.904342610643565,449.0,3.758494954034978
RIF,rpoB,rpoB_S441M,2.0,0.0,2) Assoc w R - Interim,S441M,Resistant,441,447.0,1.3337653466783477,448.0,7.837518199708883
RIF,rpoB,rpoB_S441V,2.0,0.0,2) Assoc w R - Interim,S441V,Resistant,441,447.0,1.3337653466783477,448.0,7.837518199708883
RIF,rpoB,rpoB_S441L,26.0,0.0,1) Assoc w R,S441L,Resistant,441,447.0,1.3337653466783477,448.0,7.837518199708883
RIF,rpoB,rpoB_S441Q,11.0,0.0,1) Assoc w R,S441Q,Resistant,441,447.0,1.3337653466783477,448.0,7.837518199708883
RIF,rpoB,rpoB_S441A,1.0,0.0,2) Assoc w R - Interim,S441A,Resistant,441,447.0,1.3337653466783477,448.0,7.837518199708883
RIF,rpoB,rpoB_G442E,1.0,0.0,2) Assoc w R - Interim,G442E,Resistant,442,448.0,1.3320979693701342,449.0,8.121077920750256
RIF,rpoB,rpoB_L443F,2.0,1.0,2) Assoc w R - Interim,L443F,Resistant,443,449.0,1.3320979693701342,448.0,16.41501032046287
RIF,rpoB,rpoB_T444S,1.0,0.0,2) Assoc w R - Interim,T444S,Resistant,444,450.0,1.3369599844423108,449.0,4.657303367250757
RIF,rpoB,rpoB_T444I,2.0,0.0,2) Assoc w R - Interim,T444I,Resistant,444,450.0,1.3369599844423108,449.0,4.657303367250757
RIF,rpoB,rpoB_H445Q,16.0,1.0,2) Assoc w R - Interim,H445Q,Resistant,445,451.0,1.3290349882527728,452.0,16.13361873943765
RIF,rpoB,rpoB_H445P,5.0,0.0,2) Assoc w R - Interim,H445P,Resistant,445,451.0,1.3290349882527728,452.0,16.13361873943765
RIF,rpoB,rpoB_H445C,36.0,3.0,1) Assoc w R,H445C,Resistant,445,451.0,1.3290349882527728,452.0,16.13361873943765
RIF,rpoB,rpoB_H445F,1.0,0.0,2) Assoc w R - Interim,H445F,Resistant,445,451.0,1.3290349882527728,452.0,16.13361873943765
RIF,rpoB,rpoB_H445T,3.0,0.0,2) Assoc w R - Interim,H445T,Resistant,445,451.0,1.3290349882527728,452.0,16.13361873943765
RIF,rpoB,rpoB_H445R,79.0,2.0,1) Assoc w R,H445R,Resistant,445,451.0,1.3290349882527728,452.0,16.13361873943765
RIF,rpoB,rpoB_H445L,115.0,8.0,1) Assoc w R,H445L,Resistant,445,451.0,1.3290349882527728,452.0,16.13361873943765
RIF,rpoB,rpoB_H445D,288.0,3.0,1) Assoc w R,H445D,Resistant,445,451.0,1.3290349882527728,452.0,16.13361873943765
RIF,rpoB,rpoB_H445N,46.0,39.0,1) Assoc w R,H445N,Resistant,445,451.0,1.3290349882527728,452.0,16.13361873943765
RIF,rpoB,rpoB_H445G,7.0,3.0,2) Assoc w R - Interim,H445G,Resistant,445,451.0,1.3290349882527728,452.0,16.13361873943765
RIF,rpoB,rpoB_H445S,12.0,2.0,1) Assoc w R,H445S,Resistant,445,451.0,1.3290349882527728,452.0,16.13361873943765
RIF,rpoB,rpoB_H445Y,347.0,4.0,1) Assoc w R,H445Y,Resistant,445,451.0,1.3290349882527728,452.0,16.13361873943765
RIF,rpoB,rpoB_K446Q,7.0,0.0,2) Assoc w R - Interim,K446Q,Resistant,446,452.0,1.3290349882527728,451.0,6.3628897389686365
RIF,rpoB,rpoB_K446E,1.0,0.0,2) Assoc w R - Interim,K446E,Resistant,446,452.0,1.3290349882527728,451.0,6.3628897389686365
RIF,rpoB,rpoB_K446T,1.0,0.0,2) Assoc w R - Interim,K446T,Resistant,446,452.0,1.3290349882527728,451.0,6.3628897389686365
RIF,rpoB,rpoB_K446R,2.0,0.0,2) Assoc w R - Interim,K446R,Resistant,446,452.0,1.3290349882527728,451.0,6.3628897389686365
RIF,rpoB,rpoB_R448K,2.0,0.0,2) Assoc w R - Interim,R448K,Resistant,448,454.0,1.3277017737428807,455.0,6.7196812792348
RIF,rpoB,rpoB_R448Q,6.0,0.0,2) Assoc w R - Interim,R448Q,Resistant,448,454.0,1.3277017737428807,455.0,6.7196812792348
RIF,rpoB,rpoB_L449M,9.0,0.0,2) Assoc w R - Interim,L449M,Resistant,449,455.0,1.3277017737428807,454.0,3.2959668117241994
RIF,rpoB,rpoB_S450L,6536.0,74.0,1) Assoc w R,S450L,Resistant,450,456.0,1.3288600377767423,455.0,2.808806771690097
RIF,rpoB,rpoB_S450Q,8.0,0.0,2) Assoc w R - Interim,S450Q,Resistant,450,456.0,1.3288600377767423,455.0,2.808806771690097
RIF,rpoB,rpoB_S450W,151.0,5.0,1) Assoc w R,S450W,Resistant,450,456.0,1.3288600377767423,455.0,2.808806771690097
RIF,rpoB,rpoB_S450Y,2.0,0.0,2) Assoc w R - Interim,S450Y,Resistant,450,456.0,1.3288600377767423,455.0,2.808806771690097
RIF,rpoB,rpoB_S450V,2.0,1.0,2) Assoc w R - Interim,S450V,Resistant,450,456.0,1.3288600377767423,455.0,2.808806771690097
RIF,rpoB,rpoB_S450F,112.0,0.0,1) Assoc w R,S450F,Resistant,450,456.0,1.3288600377767423,455.0,2.808806771690097
RIF,rpoB,rpoB_S450C,1.0,1.0,2) Assoc w R - Interim,S450C,Resistant,450,456.0,1.3288600377767423,455.0,2.808806771690097
RIF,rpoB,rpoB_S450G,1.0,0.0,2) Assoc w R - Interim,S450G,Resistant,450,456.0,1.3288600377767423,455.0,2.808806771690097
RIF,rpoB,rpoB_S450A,1.0,0.0,2) Assoc w R - Interim,S450A,Resistant,450,456.0,1.3288600377767423,455.0,2.808806771690097
RIF,rpoB,rpoB_S450M,5.0,0.0,2) Assoc w R - Interim,S450M,Resistant,450,456.0,1.3288600377767423,455.0,2.808806771690097
RIF,rpoB,rpoB_A451V,7.0,4.0,2) Assoc w R - Interim,A451V,Resistant,451,457.0,1.3285593701449459,458.0,2.0493324320957003
RIF,rpoB,rpoB_A451G,2.0,0.0,2) Assoc w R - Interim,A451G,Resistant,451,457.0,1.3285593701449459,458.0,2.0493324320957003
RIF,rpoB,rpoB_L452V,1.0,0.0,2) Assoc w R - Interim,L452V,Resistant,452,458.0,1.3285593701449459,457.0,2.504541679529852
RIF,rpoB,rpoB_L452P,121.0,53.0,1) Assoc w R,L452P,Resistant,452,458.0,1.3285593701449459,457.0,2.504541679529852
RIF,rpoB,rpoB_L452Q,0.0,1.0,2) Assoc w R - Interim,L452Q,Resistant,452,458.0,1.3285593701449459,457.0,2.504541679529852
RIF,rpoB,rpoB_L452M,0.0,1.0,2) Assoc w R - Interim,L452M,Resistant,452,458.0,1.3285593701449459,457.0,2.504541679529852
RIF,rpoB,rpoB_G453R,1.0,0.0,3) Uncertain significance,G453R,Unknown,453,459.0,1.3295991877253508,458.0,2.8224275114502744
RIF,rpoB,rpoB_G453A,2.0,0.0,3) Uncertain significance,G453A,Unknown,453,459.0,1.3295991877253508,458.0,2.8224275114502744
RIF,rpoB,rpoB_P454H,2.0,2.0,3) Uncertain significance,P454H,Unknown,454,460.0,4.7565636755960465,458.0,2.0997707971568182
RIF,rpoB,rpoB_P454S,1.0,1.0,3) Uncertain significance,P454S,Unknown,454,460.0,4.7565636755960465,458.0,2.0997707971568182
RIF,rpoB,rpoB_P454R,1.0,0.0,3) Uncertain significance,P454R,Unknown,454,460.0,4.7565636755960465,458.0,2.0997707971568182
RIF,rpoB,rpoB_P454L,0.0,6.0,3) Uncertain significance,P454L,Unknown,454,460.0,4.7565636755960465,458.0,2.0997707971568182
RIF,rpoB,rpoB_G456S,3.0,0.0,3) Uncertain significance,G456S,Unknown,456,462.0,4.338352798009863,457.0,1.224142847185105
RIF,rpoB,rpoB_E460G,5.0,2.0,3) Uncertain significance,E460G,Unknown,460,466.0,6.564811116856303,458.0,1.0715634077223406
RIF,rpoB,rpoB_Y474H,1.0,0.0,3) Uncertain significance,Y474H,Unknown,474,480.0,9.969097702400157,455.0,0.5144232270128092
RIF,rpoB,rpoB_M477R,0.0,1.0,3) Uncertain significance,M477R,Unknown,477,483.0,3.6784269735853004,455.0,1.5264535530462315
RIF,rpoB,rpoB_I480T,3.0,0.0,3) Uncertain significance,I480T,Unknown,480,486.0,7.530520167956522,497.0,1.4978365625633183
RIF,rpoB,rpoB_I480V,43.0,2.0,3) Uncertain significance,I480V,Unknown,480,486.0,7.530520167956522,497.0,1.4978365625633183
RIF,rpoB,rpoB_E481A,8.0,0.0,3) Uncertain significance,E481A,Unknown,481,487.0,3.874784381097872,450.0,4.788401448779639
RIF,rpoB,rpoB_T482I,1.0,0.0,3) Uncertain significance,T482I,Unknown,482,488.0,2.7780224981090478,497.0,1.94216791405619
RIF,rpoB,rpoB_P483L,2.0,1.0,3) Uncertain significance,P483L,Unknown,483,489.0,3.1639668139852644,497.0,2.264065787812543
RIF,rpoB,rpoB_P483S,2.0,0.0,3) Uncertain significance,P483S,Unknown,483,489.0,3.1639668139852644,497.0,2.264065787812543
RIF,rpoB,rpoB_N487H,2.0,0.0,3) Uncertain significance,N487H,Unknown,487,493.0,3.270322766945162,497.0,1.9500862343627952
RIF,rpoB,rpoB_N487S,3.0,1.0,3) Uncertain significance,N487S,Unknown,487,493.0,3.270322766945162,497.0,1.9500862343627952
RIF,rpoB,rpoB_I488V,43.0,0.0,3) Uncertain significance,I488V,Unknown,488,494.0,4.877640105624836,497.0,1.4731421542931118
RIF,rpoB,rpoB_I488M,1.0,0.0,3) Uncertain significance,I488M,Unknown,488,494.0,4.877640105624836,497.0,1.4731421542931118
RIF,rpoB,rpoB_I488L,2.0,0.0,3) Uncertain significance,I488L,Unknown,488,494.0,4.877640105624836,497.0,1.4731421542931118
RIF,rpoB,rpoB_L490V,2.0,0.0,3) Uncertain significance,L490V,Unknown,490,496.0,1.3286575932120603,497.0,1.7146372863952002
RIF,rpoB,rpoB_I491T,6.0,0.0,3) Uncertain significance,I491T,Unknown,491,497.0,3.4206513999529538,454.0,3.152614668974624
RIF,rpoB,rpoB_I491L,25.0,0.0,3) Uncertain significance,I491L,Unknown,491,497.0,3.4206513999529538,454.0,3.152614668974624
RIF,rpoB,rpoB_I491S,1.0,0.0,3) Uncertain significance,I491S,Unknown,491,497.0,3.4206513999529538,454.0,3.152614668974624
RIF,rpoB,rpoB_I491V,8.0,0.0,3) Uncertain significance,I491V,Unknown,491,497.0,3.4206513999529538,454.0,3.152614668974624
RIF,rpoB,rpoB_I491Y,3.0,0.0,3) Uncertain significance,I491Y,Unknown,491,497.0,3.4206513999529538,454.0,3.152614668974624
RIF,rpoB,rpoB_I491F,54.0,57.0,1) Assoc w R,I491F,Resistant,491,497.0,3.4206513999529538,454.0,3.152614668974624
RIF,rpoB,rpoB_I491M,14.0,3.0,3) Uncertain significance,I491M,Unknown,491,497.0,3.4206513999529538,454.0,3.152614668974624
RIF,rpoB,rpoB_G492S,0.0,1.0,3) Uncertain significance,G492S,Unknown,492,498.0,1.328429523911605,497.0,3.2828868251343897
RIF,rpoB,rpoB_S493L,5.0,1.0,3) Uncertain significance,S493L,Unknown,493,499.0,3.3389622639377,454.0,3.986125129603708
RIF,rpoB,rpoB_S493W,0.0,3.0,3) Uncertain significance,S493W,Unknown,493,499.0,3.3389622639377,454.0,3.986125129603708
RIF,rpoB,rpoB_V496G,1.0,0.0,3) Uncertain significance,V496G,Unknown,496,502.0,9.205782258993533,449.0,1.8089228486973392
RIF,rpoB,rpoB_V496L,8.0,0.0,3) Uncertain significance,V496L,Unknown,496,502.0,9.205782258993533,449.0,1.8089228486973392
RIF,rpoB,rpoB_V496M,16.0,0.0,3) Uncertain significance,V496M,Unknown,496,502.0,9.205782258993533,449.0,1.8089228486973392
RIF,rpoB,rpoB_V496A,32.0,0.0,3) Uncertain significance,V496A,Unknown,496,502.0,9.205782258993533,449.0,1.8089228486973392
RIF,rpoB,rpoB_A498G,0.0,1.0,3) Uncertain significance,A498G,Unknown,498,504.0,7.47128188465675,455.0,1.3926497967124214
RIF,rpoB,rpoB_A498V,1.0,0.0,3) Uncertain significance,A498V,Unknown,498,504.0,7.47128188465675,455.0,1.3926497967124214
RIF,rpoB,rpoB_R499W,0.0,1.0,3) Uncertain significance,R499W,Unknown,499,505.0,8.967460510088706,455.0,1.0810640809117011
RIF,rpoB,rpoB_R499Q,0.0,1.0,3) Uncertain significance,R499Q,Unknown,499,505.0,8.967460510088706,455.0,1.0810640809117011
RIF,rpoB,rpoB_N501K,1.0,0.0,3) Uncertain significance,N501K,Unknown,501,507.0,10.691852271706743,455.0,0.6984029324591348
RIF,rpoB,rpoB_F503V,1.0,0.0,3) Uncertain significance,F503V,Unknown,503,509.0,12.732854707409517,455.0,0.4373429538344275
RIF,rpoB,rpoB_F503S,13.0,0.0,3) Uncertain significance,F503S,Unknown,503,509.0,12.732854707409517,455.0,0.4373429538344275
RIF,rpoB,rpoB_I506V,0.0,2.0,3) Uncertain significance,I506V,Unknown,506,512.0,4.1062803119124895,455.0,1.1921190229503655
RIF,rpoB,rpoB_E507K,0.0,2.0,3) Uncertain significance,E507K,Unknown,507,513.0,9.755116298640424,455.0,0.7211668025041537
RIF,rpoB,rpoB_T508P,1.0,0.0,3) Uncertain significance,T508P,Unknown,508,514.0,11.22344127262223,455.0,0.6165501271241571
RIF,rpoB,rpoB_T508A,0.0,1.0,3) Uncertain significance,T508A,Unknown,508,514.0,11.22344127262223,455.0,0.6165501271241571
RIF,rpoB,rpoB_P509S,0.0,1.0,3) Uncertain significance,P509S,Unknown,509,515.0,13.468723807399128,455.0,0.5779152598979576
RIF,rpoB,rpoB_Y510H,1.0,0.0,3) Uncertain significance,Y510H,Unknown,510,516.0,14.050915770867045,455.0,0.2734447027843025
RIF,rpoB,rpoB_R511L,0.0,1.0,3) Uncertain significance,R511L,Unknown,511,517.0,20.5598078784798,455.0,0.1678570010560404
RIF,rpoB,rpoB_D515Y,0.0,11.0,3) Uncertain significance,D515Y,Unknown,515,521.0,31.879034317243686,455.0,-0.0384125555331969
RIF,rpoB,rpoB_G516D,0.0,2.0,3) Uncertain significance,G516D,Unknown,516,522.0,31.720181840588495,455.0,-0.038552217270045
RIF,rpoB,rpoB_V517M,0.0,1.0,3) Uncertain significance,V517M,Unknown,517,523.0,29.770854304168033,455.0,-0.000718740799894
RIF,rpoB,rpoB_D520V,0.0,1.0,3) Uncertain significance,D520V,Unknown,520,526.0,24.97793692441392,455.0,0.1795071390992139
RIF,rpoB,rpoB_D520A,3.0,0.0,3) Uncertain significance,D520A,Unknown,520,526.0,24.97793692441392,455.0,0.1795071390992139
RIF,rpoB,rpoB_V523L,1.0,0.0,3) Uncertain significance,V523L,Unknown,523,529.0,17.746334410238074,455.0,0.2473447077060531
RIF,rpoB,rpoB_L525P,2.0,0.0,3) Uncertain significance,L525P,Unknown,525,531.0,13.108229819468388,455.0,0.3569693685119581
RIF,rpoB,rpoB_T526S,0.0,1.0,3) Uncertain significance,T526S,Unknown,526,532.0,11.840836161352806,455.0,0.3804303359754696
RIF,rpoB,rpoB_A527V,0.0,1.0,3) Uncertain significance,A527V,Unknown,527,533.0,12.095229348796998,455.0,0.5085814019907072
RIF,rpoB,rpoB_D531E,1.0,0.0,3) Uncertain significance,D531E,Unknown,531,537.0,16.819764148168076,455.0,0.1642395011733649
RIF,rpoB,rpoB_D531Y,1.0,0.0,3) Uncertain significance,D531Y,Unknown,531,537.0,16.819764148168076,455.0,0.1642395011733649
RIF,rpoB,rpoB_R532C,0.0,1.0,3) Uncertain significance,R532C,Unknown,532,538.0,20.613598278806162,455.0,0.0479406520688495
RIF,rpoB,rpoB_H533R,0.0,1.0,3) Uncertain significance,H533R,Unknown,533,539.0,21.38653101837697,455.0,0.0208711843756923
RIF,rpoB,rpoB_H533N,1.0,0.0,3) Uncertain significance,H533N,Unknown,533,539.0,21.38653101837697,455.0,0.0208711843756923
RIF,rpoB,rpoB_V534A,5.0,0.0,3) Uncertain significance,V534A,Unknown,534,540.0,22.270187538500885,455.0,0.0160293137804533
RIF,rpoB,rpoB_V534L,4.0,0.0,3) Uncertain significance,V534L,Unknown,534,540.0,22.270187538500885,455.0,0.0160293137804533
RIF,rpoB,rpoB_V534G,1.0,0.0,3) Uncertain significance,V534G,Unknown,534,540.0,22.270187538500885,455.0,0.0160293137804533
RIF,rpoB,rpoB_V534M,15.0,1.0,3) Uncertain significance,V534M,Unknown,534,540.0,22.270187538500885,455.0,0.0160293137804533
RIF,rpoB,rpoB_A538P,1.0,0.0,3) Uncertain significance,A538P,Unknown,538,544.0,20.745292212933524,455.0,0.3467926657732598
RIF,rpoB,rpoB_A538V,2.0,0.0,3) Uncertain significance,A538V,Unknown,538,544.0,20.745292212933524,455.0,0.3467926657732598
RIF,rpoB,rpoB_N539K,2.0,0.0,3) Uncertain significance,N539K,Unknown,539,545.0,22.12957991015646,455.0,0.2849926859463528
RIF,rpoB,rpoB_S540P,2.0,0.0,3) Uncertain significance,S540P,Unknown,540,546.0,25.72258738929659,455.0,0.0997623710689544
RIF,rpoB,rpoB_P541L,0.0,1.0,3) Uncertain significance,P541L,Unknown,541,547.0,29.279742912122696,455.0,0.0329888142651298
RIF,rpoB,rpoB_I542K,1.0,0.0,3) Uncertain significance,I542K,Unknown,542,548.0,29.09921890704285,455.0,0.0570443051177425
RIF,rpoB,rpoB_D543G,0.0,1.0,3) Uncertain significance,D543G,Unknown,543,549.0,32.67297751965682,449.0,0.0808987236678206
RIF,rpoB,rpoB_A544V,0.0,1.0,3) Uncertain significance,A544V,Unknown,544,550.0,33.4049649154134,449.0,0.0788041353363136
RIF,rpoB,rpoB_D545A,0.0,1.0,3) Uncertain significance,D545A,Unknown,545,551.0,33.57793897784674,449.0,0.2024251607300335
RIF,rpoB,rpoB_D545E,1.0,10.0,3) Uncertain significance,D545E,Unknown,545,551.0,33.57793897784674,449.0,0.2024251607300335
RIF,rpoB,rpoB_G546S,0.0,1.0,3) Uncertain significance,G546S,Unknown,546,552.0,31.15030945271652,455.0,-0.0317957340625589
RIF,rpoB,rpoB_R547S,0.0,1.0,3) Uncertain significance,R547S,Unknown,547,553.0,32.627109540993665,455.0,0.0708627053346547
RIF,rpoB,rpoB_F548L,0.0,1.0,3) Uncertain significance,F548L,Unknown,548,554.0,27.334763690216903,455.0,-0.0271068591597988
RIF,rpoB,rpoB_V549I,0.0,1.0,3) Uncertain significance,V549I,Unknown,549,555.0,33.2057607050343,455.0,-0.0212964775671866
RIF,rpoB,rpoB_V549G,1.0,0.0,3) Uncertain significance,V549G,Unknown,549,555.0,33.2057607050343,455.0,-0.0212964775671866
RIF,rpoB,rpoB_E550G,15.0,0.0,3) Uncertain significance,E550G,Unknown,550,556.0,31.68029775743909,455.0,-0.0186188684305965
RIF,rpoB,rpoB_E550K,1.0,0.0,3) Uncertain significance,E550K,Unknown,550,556.0,31.68029775743909,455.0,-0.0186188684305965
RIF,rpoB,rpoB_R552S,0.0,1.0,3) Uncertain significance,R552S,Unknown,552,558.0,31.45443690483109,455.0,-0.0209741705136878
RIF,rpoB,rpoB_R552C,8.0,0.0,3) Uncertain significance,R552C,Unknown,552,558.0,31.45443690483109,455.0,-0.0209741705136878
RIF,rpoB,rpoB_R552L,33.0,0.0,3) Uncertain significance,R552L,Unknown,552,558.0,31.45443690483109,455.0,-0.0209741705136878
RIF,rpoB,rpoB_R552H,17.0,0.0,3) Uncertain significance,R552H,Unknown,552,558.0,31.45443690483109,455.0,-0.0209741705136878
RIF,rpoB,rpoB_L554V,2.0,0.0,3) Uncertain significance,L554V,Unknown,554,560.0,24.453325029533307,455.0,0.0569255690779808
RIF,rpoB,rpoB_L554P,11.0,0.0,3) Uncertain significance,L554P,Unknown,554,560.0,24.453325029533307,455.0,0.0569255690779808
RIF,rpoB,rpoB_A559V,1.0,0.0,3) Uncertain significance,A559V,Unknown,559,565.0,18.65869904360966,455.0,0.2041638556544187
RIF,rpoB,rpoB_G560A,0.0,1.0,3) Uncertain significance,G560A,Unknown,560,566.0,17.97677599014907,455.0,0.2023439932504369
RIF,rpoB,rpoB_V562M,3.0,0.0,3) Uncertain significance,V562M,Unknown,562,568.0,22.059935040702175,455.0,0.1433869123050465
RIF,rpoB,rpoB_V562A,5.0,0.0,3) Uncertain significance,V562A,Unknown,562,568.0,22.059935040702175,455.0,0.1433869123050465
RIF,rpoB,rpoB_E563A,1.0,0.0,3) Uncertain significance,E563A,Unknown,563,569.0,25.258565972754667,455.0,0.0264239312620802
RIF,rpoB,rpoB_E563D,0.0,13.0,3) Uncertain significance,E563D,Unknown,563,569.0,25.258565972754667,455.0,0.0264239312620802
RIF,rpoB,rpoB_Y564H,9.0,0.0,3) Uncertain significance,Y564H,Unknown,564,570.0,28.352158207092454,455.0,-0.0393792197467677
RIF,rpoB,rpoB_Y564C,0.0,1.0,3) Uncertain significance,Y564C,Unknown,564,570.0,28.352158207092454,455.0,-0.0393792197467677
RIF,rpoB,rpoB_S567P,1.0,0.0,3) Uncertain significance,S567P,Unknown,567,573.0,30.509603914177585,455.0,-0.0296464136814485
RIF,rpoB,rpoB_D571A,6.0,0.0,3) Uncertain significance,D571A,Unknown,571,577.0,24.2005185688241,455.0,-0.0247817393775172
RIF,rpoB,rpoB_D571Y,1.0,0.0,3) Uncertain significance,D571Y,Unknown,571,577.0,24.2005185688241,455.0,-0.0247817393775172
RIF,rpoB,rpoB_Y572C,0.0,3.0,3) Uncertain significance,Y572C,Unknown,572,578.0,20.907793451246842,455.0,0.0166949659524087
RIF,rpoB,rpoB_M573T,0.0,6.0,3) Uncertain significance,M573T,Unknown,573,579.0,20.05282997484396,455.0,0.170310705332595
RIF,rpoB,rpoB_D574E,7.0,0.0,3) Uncertain significance,D574E,Unknown,574,580.0,16.807872768438006,455.0,0.4531090861902659
RIF,rpoB,rpoB_P577A,4.0,0.0,3) Uncertain significance,P577A,Unknown,577,583.0,15.734739591108582,449.0,0.7916861526741438
RIF,rpoB,rpoB_R578G,1.0,0.0,3) Uncertain significance,R578G,Unknown,578,584.0,11.680688121853093,449.0,1.0017332839468562
RIF,rpoB,rpoB_R578H,1.0,0.0,3) Uncertain significance,R578H,Unknown,578,584.0,11.680688121853093,449.0,1.0017332839468562
RIF,rpoB,rpoB_V581M,3.0,0.0,3) Uncertain significance,V581M,Unknown,581,587.0,9.398577392350393,450.0,1.6146660656636047
RIF,rpoB,rpoB_S582A,3.0,0.0,3) Uncertain significance,S582A,Unknown,582,588.0,5.601130778691026,450.0,3.153628822611518
RIF,rpoB,rpoB_S582T,1.0,0.0,3) Uncertain significance,S582T,Unknown,582,588.0,5.601130778691026,450.0,3.153628822611518
RIF,rpoB,rpoB_A584G,2.0,0.0,3) Uncertain significance,A584G,Unknown,584,590.0,4.2066600765928195,450.0,4.5809183358083345
RIF,rpoB,rpoB_A584D,6.0,0.0,3) Uncertain significance,A584D,Unknown,584,590.0,4.2066600765928195,450.0,4.5809183358083345
RIF,rpoB,rpoB_T585A,1.0,0.0,3) Uncertain significance,T585A,Unknown,585,591.0,6.618329169813166,450.0,2.5516560060578284
RIF,rpoB,rpoB_M587T,2.0,0.0,3) Uncertain significance,M587T,Unknown,587,593.0,7.1240196518538665,449.0,2.260087489630219
RIF,rpoB,rpoB_M587I,0.0,2.0,3) Uncertain significance,M587I,Unknown,587,593.0,7.1240196518538665,449.0,2.260087489630219
RIF,rpoB,rpoB_I588V,7.0,0.0,3) Uncertain significance,I588V,Unknown,588,594.0,10.944905116080264,450.0,1.121869376511348
RIF,rpoB,rpoB_E592D,5.0,0.0,3) Uncertain significance,E592D,Unknown,592,598.0,17.82063222784196,450.0,0.4431530658164304
RIF,rpoB,rpoB_D594A,0.0,1.0,3) Uncertain significance,D594A,Unknown,594,600.0,16.665333750033323,450.0,0.4370452381704935
RIF,rpoB,rpoB_D595E,2.0,0.0,3) Uncertain significance,D595E,Unknown,595,601.0,15.771716139976634,497.0,0.5409543394079428
RIF,rpoB,rpoB_A596G,4.0,0.0,3) Uncertain significance,A596G,Unknown,596,602.0,12.34501927904529,497.0,0.8336213286615406
RIF,rpoB,rpoB_A599T,1.0,0.0,3) Uncertain significance,A599T,Unknown,599,605.0,11.086701448131473,454.0,1.1462883140372515
RIF,rpoB,rpoB_A599V,1.0,0.0,3) Uncertain significance,A599V,Unknown,599,605.0,11.086701448131473,454.0,1.1462883140372515
RIF,rpoB,rpoB_G602A,1.0,0.0,3) Uncertain significance,G602A,Unknown,602,608.0,9.786464836701766,450.0,1.5851256631979294
RIF,rpoB,rpoB_N604S,1.0,0.0,3) Uncertain significance,N604S,Unknown,604,610.0,4.8151914811355185,454.0,2.46380032761221
RIF,rpoB,rpoB_R607S,1.0,0.0,3) Uncertain significance,R607S,Unknown,607,613.0,2.963627844382635,450.0,6.523518325440628
RIF,rpoB,rpoB_V613F,0.0,6.0,3) Uncertain significance,V613F,Unknown,613,619.0,10.920146244441968,443.0,0.6188507324503251
RIF,rpoB,rpoB_M624T,0.0,1.0,3) Uncertain significance,M624T,Unknown,624,630.0,6.348326157342572,449.0,2.07366310176186
RIF,rpoB,rpoB_A628G,0.0,1.0,3) Uncertain significance,A628G,Unknown,628,634.0,3.490467876947159,449.0,3.039216292013153
RIF,rpoB,rpoB_A628P,1.0,0.0,3) Uncertain significance,A628P,Unknown,628,634.0,3.490467876947159,449.0,3.039216292013153
RIF,rpoB,rpoB_D631G,1.0,0.0,3) Uncertain significance,D631G,Unknown,631,637.0,4.267214313811758,449.0,2.7112522324252044
RIF,rpoB,rpoB_A632G,0.0,1.0,3) Uncertain significance,A632G,Unknown,632,638.0,3.6140087160935273,445.0,4.799496359278707
RIF,rpoB,rpoB_A632S,0.0,1.0,3) Uncertain significance,A632S,Unknown,632,638.0,3.6140087160935273,445.0,4.799496359278707
RIF,rpoB,rpoB_D634G,3.0,4.0,3) Uncertain significance,D634G,Unknown,634,640.0,3.1279555623441975,445.0,4.19006853979917
RIF,rpoB,rpoB_A638G,1.0,0.0,3) Uncertain significance,A638G,Unknown,638,644.0,15.613380767790177,445.0,0.5231231491703854
RIF,rpoB,rpoB_E639D,5.0,52.0,5) Not assoc w R,E639D,Susceptible,639,645.0,14.994757683937415,452.0,0.5562835697926559
RIF,rpoB,rpoB_E639Q,0.0,1.0,3) Uncertain significance,E639Q,Unknown,639,645.0,14.994757683937415,452.0,0.5562835697926559
RIF,rpoB,rpoB_E639G,0.0,5.0,3) Uncertain significance,E639G,Unknown,639,645.0,14.994757683937415,452.0,0.5562835697926559
RIF,rpoB,rpoB_E639A,0.0,1.0,3) Uncertain significance,E639A,Unknown,639,645.0,14.994757683937415,452.0,0.5562835697926559
RIF,rpoB,rpoB_S641R,0.0,1.0,3) Uncertain significance,S641R,Unknown,641,647.0,22.83128848751204,449.0,0.1871667437621363
RIF,rpoB,rpoB_G642S,0.0,1.0,3) Uncertain significance,G642S,Unknown,642,648.0,24.22518728513775,445.0,0.1223325901254305
RIF,rpoB,rpoB_E645G,0.0,1.0,3) Uncertain significance,E645G,Unknown,645,651.0,25.07456183066815,445.0,0.0972485783242263
RIF,rpoB,rpoB_E646G,0.0,1.0,3) Uncertain significance,E646G,Unknown,646,652.0,22.43991374760607,445.0,0.1776144331172743
RIF,rpoB,rpoB_Y651H,0.0,1.0,3) Uncertain significance,Y651H,Unknown,651,657.0,18.735931415331343,445.0,0.3195266683333325
RIF,rpoB,rpoB_T653A,0.0,1.0,3) Uncertain significance,T653A,Unknown,653,659.0,21.386692825212602,445.0,0.1654813378218367
RIF,rpoB,rpoB_M655T,0.0,14.0,3) Uncertain significance,M655T,Unknown,655,661.0,25.369116618439833,445.0,0.0784996560967514
RIF,rpoB,rpoB_H656Q,0.0,2.0,3) Uncertain significance,H656Q,Unknown,656,662.0,23.052601371645668,452.0,0.1610777430012516
RIF,rpoB,rpoB_G659D,0.0,1.0,3) Uncertain significance,G659D,Unknown,659,665.0,30.22315948076905,452.0,0.0927270882466533
RIF,rpoB,rpoB_T660I,0.0,1.0,3) Uncertain significance,T660I,Unknown,660,666.0,26.548238773975196,452.0,0.1172831684169753
RIF,rpoB,rpoB_T660N,0.0,1.0,3) Uncertain significance,T660N,Unknown,660,666.0,26.548238773975196,452.0,0.1172831684169753
RIF,rpoB,rpoB_R661Q,0.0,2.0,3) Uncertain significance,R661Q,Unknown,661,667.0,24.320415970949178,452.0,0.1782396139155667
RIF,rpoB,rpoB_R665W,1.0,0.0,3) Uncertain significance,R665W,Unknown,665,671.0,14.669530121990963,445.0,0.6989585761515543
RIF,rpoB,rpoB_F669L,0.0,1.0,3) Uncertain significance,F669L,Unknown,669,675.0,10.846824327885098,442.0,0.8225217686264811
RIF,rpoB,rpoB_S672F,3.0,1.0,3) Uncertain significance,S672F,Unknown,672,678.0,3.019953807593753,442.0,1.8020108410084272
RIF,rpoB,rpoB_N673S,2.0,0.0,3) Uncertain significance,N673S,Unknown,673,679.0,2.6711651015989135,442.0,2.0011180661555152
RIF,rpoB,rpoB_N673T,0.0,1.0,3) Uncertain significance,N673T,Unknown,673,679.0,2.6711651015989135,442.0,2.0011180661555152
RIF,rpoB,rpoB_H674R,3.0,2.0,3) Uncertain significance,H674R,Unknown,674,680.0,3.139342765611928,442.0,2.3255504779167633
RIF,rpoB,rpoB_H674N,1.0,0.0,3) Uncertain significance,H674N,Unknown,674,680.0,3.139342765611928,442.0,2.3255504779167633
RIF,rpoB,rpoB_H674Q,1.0,1.0,3) Uncertain significance,H674Q,Unknown,674,680.0,3.139342765611928,442.0,2.3255504779167633
RIF,rpoB,rpoB_G675D,0.0,3.0,3) Uncertain significance,G675D,Unknown,675,681.0,5.411159210372574,442.0,1.238543836575217
RIF,rpoB,rpoB_T676P,1.0,1.0,3) Uncertain significance,T676P,Unknown,676,682.0,2.945905293793411,443.0,1.6869440646410108
RIF,rpoB,rpoB_T676A,1.0,0.0,3) Uncertain significance,T676A,Unknown,676,682.0,2.945905293793411,443.0,1.6869440646410108
RIF,rpoB,rpoB_C681G,0.0,2.0,3) Uncertain significance,C681G,Unknown,681,687.0,11.243632598053,445.0,0.7849143510834555
RIF,rpoB,rpoB_C681R,1.0,0.0,3) Uncertain significance,C681R,Unknown,681,687.0,11.243632598053,445.0,0.7849143510834555
RIF,rpoB,rpoB_P682T,0.0,1.0,3) Uncertain significance,P682T,Unknown,682,688.0,14.10918197487012,445.0,0.5092711703590195
RIF,rpoB,rpoB_P682A,0.0,2.0,3) Uncertain significance,P682A,Unknown,682,688.0,14.10918197487012,445.0,0.5092711703590195
RIF,rpoB,rpoB_A686T,0.0,8.0,3) Uncertain significance,A686T,Unknown,686,692.0,23.864984307558213,445.0,0.153653125393138
RIF,rpoB,rpoB_A692T,53.0,11.0,3) Uncertain significance,A692T,Unknown,692,698.0,18.23325519483562,449.0,0.4084194407797156
RIF,rpoB,rpoB_G693V,0.0,1.0,3) Uncertain significance,G693V,Unknown,693,699.0,14.610285726158805,449.0,0.6685613292170961
RIF,rpoB,rpoB_V695L,52.0,55.0,5) Not assoc w R,V695L,Susceptible,695,701.0,11.04311663435645,445.0,0.8616516545577929
RIF,rpoB,rpoB_G699S,1.0,0.0,3) Uncertain significance,G699S,Unknown,699,705.0,5.607079988728538,445.0,1.9068977904144344
RIF,rpoB,rpoB_P700R,1.0,0.0,3) Uncertain significance,P700R,Unknown,700,706.0,4.290661254398897,445.0,2.533894987354967
RIF,rpoB,rpoB_P700L,1.0,1.0,3) Uncertain significance,P700L,Unknown,700,706.0,4.290661254398897,445.0,2.533894987354967
RIF,rpoB,rpoB_C701W,1.0,0.0,3) Uncertain significance,C701W,Unknown,701,707.0,3.9230730301639745,445.0,2.6345661422241378
RIF,rpoB,rpoB_D703E,0.0,1.0,3) Uncertain significance,D703E,Unknown,703,709.0,8.483042143005063,445.0,1.0771253575763156
RIF,rpoB,rpoB_M707T,1.0,0.0,3) Uncertain significance,M707T,Unknown,707,713.0,3.6150962642784474,445.0,3.4155864073512165
RIF,rpoB,rpoB_A708S,1.0,0.0,3) Uncertain significance,A708S,Unknown,708,714.0,7.145676315087312,445.0,1.4942239484254876
RIF,rpoB,rpoB_K711R,0.0,1.0,3) Uncertain significance,K711R,Unknown,711,717.0,13.237432115028943,445.0,0.4182481384532809
RIF,rpoB,rpoB_P719S,0.0,1.0,3) Uncertain significance,P719S,Unknown,719,725.0,30.344344267095316,443.0,-0.1251402588260905
RIF,rpoB,rpoB_E721G,0.0,1.0,3) Uncertain significance,E721G,Unknown,721,727.0,31.341164528460027,443.0,-0.1319890788599533
RIF,rpoB,rpoB_E721D,0.0,1.0,3) Uncertain significance,E721D,Unknown,721,727.0,31.341164528460027,443.0,-0.1319890788599533
RIF,rpoB,rpoB_E721K,0.0,7.0,3) Uncertain significance,E721K,Unknown,721,727.0,31.341164528460027,443.0,-0.1319890788599533
RIF,rpoB,rpoB_H723D,14.0,0.0,3) Uncertain significance,H723D,Unknown,723,729.0,24.733112339533815,443.0,-0.0088435291550665
RIF,rpoB,rpoB_N724S,0.0,1.0,3) Uncertain significance,N724S,Unknown,724,730.0,25.167258591272915,443.0,0.106530419798362
RIF,rpoB,rpoB_L731P,66.0,0.0,3) Uncertain significance,L731P,Unknown,731,737.0,18.17416680346035,443.0,-0.0261734148519101
RIF,rpoB,rpoB_R734H,0.0,1.0,3) Uncertain significance,R734H,Unknown,734,740.0,21.57467879251045,443.0,-0.0831067738239052
RIF,rpoB,rpoB_V736L,4.0,0.0,3) Uncertain significance,V736L,Unknown,736,742.0,20.029995631552183,443.0,-0.0256447423175436
RIF,rpoB,rpoB_E737G,0.0,1.0,3) Uncertain significance,E737G,Unknown,737,743.0,21.78042995443385,443.0,-0.0237060303395129
RIF,rpoB,rpoB_E738A,0.0,1.0,3) Uncertain significance,E738A,Unknown,738,744.0,19.052683039404194,443.0,0.0771666146480095
RIF,rpoB,rpoB_T742A,1.0,0.0,3) Uncertain significance,T742A,Unknown,742,748.0,11.620258559946063,443.0,0.3907332235700522
RIF,rpoB,rpoB_H749Y,2.0,9.0,3) Uncertain significance,H749Y,Unknown,749,755.0,14.986439637218691,442.0,0.1420814887202355
RIF,rpoB,rpoB_E750Q,1.0,0.0,3) Uncertain significance,E750Q,Unknown,750,756.0,14.979057413602488,442.0,0.2531878623914652
RIF,rpoB,rpoB_I751V,0.0,1.0,3) Uncertain significance,I751V,Unknown,751,757.0,19.578398862011163,442.0,0.021938339231729
RIF,rpoB,rpoB_A753T,1.0,1.0,3) Uncertain significance,A753T,Unknown,753,759.0,23.391285856061867,432.0,-0.0988989480105442
RIF,rpoB,rpoB_A753V,6.0,0.0,3) Uncertain significance,A753V,Unknown,753,759.0,23.391285856061867,432.0,-0.0988989480105442
RIF,rpoB,rpoB_T756I,0.0,1.0,3) Uncertain significance,T756I,Unknown,756,762.0,26.429269342908427,432.0,-0.0936029953990478
RIF,rpoB,rpoB_T756A,3.0,0.0,3) Uncertain significance,T756A,Unknown,756,762.0,26.429269342908427,432.0,-0.0936029953990478
RIF,rpoB,rpoB_E761D,211.0,0.0,3) Uncertain significance,E761D,Unknown,761,767.0,24.842542120322552,432.0,-0.1399047572240723
RIF,rpoB,rpoB_P768L,2.0,0.0,3) Uncertain significance,P768L,Unknown,768,774.0,36.28876043625629,442.0,-0.2669882829181607
RIF,rpoB,rpoB_L775P,1.0,0.0,3) Uncertain significance,L775P,Unknown,775,781.0,32.718238354165706,442.0,-0.2618421957833487
RIF,rpoB,rpoB_A776V,0.0,1.0,3) Uncertain significance,A776V,Unknown,776,782.0,32.412621877904286,442.0,-0.185559809799095
RIF,rpoB,rpoB_D777H,0.0,1.0,3) Uncertain significance,D777H,Unknown,777,783.0,28.276548162744337,442.0,-0.200892499970033
RIF,rpoB,rpoB_L778V,2.0,0.0,3) Uncertain significance,L778V,Unknown,778,784.0,27.775934799750658,442.0,-0.2130491390510964
RIF,rpoB,rpoB_I783V,0.0,3.0,3) Uncertain significance,I783V,Unknown,783,789.0,23.58664984689431,442.0,-0.1549205404705885
RIF,rpoB,rpoB_E789K,0.0,1.0,3) Uncertain significance,E789K,Unknown,789,795.0,24.352470285373517,443.0,-0.1095224958499108
RIF,rpoB,rpoB_R791C,1.0,24.0,3) Uncertain significance,R791C,Unknown,791,797.0,23.388129232582948,443.0,-0.1196500972809281
RIF,rpoB,rpoB_V797L,1.0,0.0,3) Uncertain significance,V797L,Unknown,797,803.0,23.005775905193893,442.0,-0.1427645174629264
RIF,rpoB,rpoB_K799Q,3.0,0.0,3) Uncertain significance,K799Q,Unknown,799,805.0,25.403370583448172,432.0,-0.1632422997007007
RIF,rpoB,rpoB_V800A,2.0,0.0,3) Uncertain significance,V800A,Unknown,800,806.0,30.07754306787708,432.0,-0.2008460106139542
RIF,rpoB,rpoB_E805A,0.0,1.0,3) Uncertain significance,E805A,Unknown,805,811.0,38.852544047977084,432.0,-0.2567911910259923
RIF,rpoB,rpoB_E807Q,1.0,0.0,3) Uncertain significance,E807Q,Unknown,807,813.0,33.475241612272185,432.0,-0.2598353290410916
RIF,rpoB,rpoB_E807G,2.0,0.0,3) Uncertain significance,E807G,Unknown,807,813.0,33.475241612272185,432.0,-0.2598353290410916
RIF,rpoB,rpoB_E821V,1.0,0.0,3) Uncertain significance,E821V,Unknown,821,827.0,45.23569584962741,432.0,-0.2919849740995627
RIF,rpoB,rpoB_R824C,1.0,0.0,3) Uncertain significance,R824C,Unknown,824,830.0,33.07822858014013,432.0,-0.2264326899579681
RIF,rpoB,rpoB_R824L,1.0,0.0,3) Uncertain significance,R824L,Unknown,824,830.0,33.07822858014013,432.0,-0.2264326899579681
RIF,rpoB,rpoB_E825G,0.0,1.0,3) Uncertain significance,E825G,Unknown,825,831.0,36.25149875522389,432.0,-0.25758769033665
RIF,rpoB,rpoB_R827S,1.0,0.0,3) Uncertain significance,R827S,Unknown,827,833.0,27.917997743391258,432.0,-0.1704884512807285
RIF,rpoB,rpoB_R827L,23.0,0.0,3) Uncertain significance,R827L,Unknown,827,833.0,27.917997743391258,432.0,-0.1704884512807285
RIF,rpoB,rpoB_R827H,10.0,0.0,3) Uncertain significance,R827H,Unknown,827,833.0,27.917997743391258,432.0,-0.1704884512807285
RIF,rpoB,rpoB_R827C,68.0,1.0,3) Uncertain significance,R827C,Unknown,827,833.0,27.917997743391258,432.0,-0.1704884512807285
RIF,rpoB,rpoB_K832E,4.0,0.0,3) Uncertain significance,K832E,Unknown,832,838.0,22.078203980396594,443.0,-0.0830300305202341
RIF,rpoB,rpoB_K832Q,1.0,0.0,3) Uncertain significance,K832Q,Unknown,832,838.0,22.078203980396594,443.0,-0.0830300305202341
RIF,rpoB,rpoB_V833M,1.0,0.0,3) Uncertain significance,V833M,Unknown,833,839.0,20.559158834932916,443.0,-0.0899300150270517
RIF,rpoB,rpoB_P834L,0.0,1.0,3) Uncertain significance,P834L,Unknown,834,840.0,18.52194317559583,443.0,0.0364841530523828
RIF,rpoB,rpoB_P834T,1.0,0.0,3) Uncertain significance,P834T,Unknown,834,840.0,18.52194317559583,443.0,0.0364841530523828
RIF,rpoB,rpoB_H835R,28.0,1.0,3) Uncertain significance,H835R,Unknown,835,841.0,18.446656011320886,443.0,-0.0256747987952038
RIF,rpoB,rpoB_H835P,1.0,0.0,3) Uncertain significance,H835P,Unknown,835,841.0,18.446656011320886,443.0,-0.0256747987952038
RIF,rpoB,rpoB_H835D,1.0,0.0,3) Uncertain significance,H835D,Unknown,835,841.0,18.446656011320886,443.0,-0.0256747987952038
RIF,rpoB,rpoB_G836S,2.0,0.0,3) Uncertain significance,G836S,Unknown,836,842.0,17.082888807224627,443.0,0.0594625872191839
RIF,rpoB,rpoB_V841L,0.0,1.0,3) Uncertain significance,V841L,Unknown,841,847.0,19.418022195888025,442.0,-0.0004948142448844
RIF,rpoB,rpoB_R845W,1.0,0.0,3) Uncertain significance,R845W,Unknown,845,851.0,16.744688083090704,442.0,0.0895501824935044
RIF,rpoB,rpoB_R845Q,1.0,0.0,3) Uncertain significance,R845Q,Unknown,845,851.0,16.744688083090704,442.0,0.0895501824935044
RIF,rpoB,rpoB_D851P,0.0,2.0,3) Uncertain significance,D851P,Unknown,851,857.0,25.939208796723168,432.0,-0.0207883457984185
RIF,rpoB,rpoB_D851G,0.0,1.0,3) Uncertain significance,D851G,Unknown,851,857.0,25.939208796723168,432.0,-0.0207883457984185
RIF,rpoB,rpoB_P856L,1.0,0.0,3) Uncertain significance,P856L,Unknown,856,862.0,15.785544811630661,432.0,0.2174484966443856
RIF,rpoB,rpoB_L862R,5.0,0.0,3) Uncertain significance,L862R,Unknown,862,868.0,18.390714912694396,442.0,0.0785281450266977
RIF,rpoB,rpoB_V865M,0.0,1.0,3) Uncertain significance,V865M,Unknown,865,871.0,15.765431741630163,442.0,0.101835657921965
RIF,rpoB,rpoB_Y866H,0.0,2.0,3) Uncertain significance,Y866H,Unknown,866,872.0,11.509210268302516,442.0,0.3696959967280753
RIF,rpoB,rpoB_V867A,0.0,1.0,3) Uncertain significance,V867A,Unknown,867,873.0,14.25408046841325,442.0,0.2734429419551248
RIF,rpoB,rpoB_V867M,1.0,0.0,3) Uncertain significance,V867M,Unknown,867,873.0,14.25408046841325,442.0,0.2734429419551248
RIF,rpoB,rpoB_A868V,0.0,1.0,3) Uncertain significance,A868V,Unknown,868,874.0,14.761483868500479,443.0,0.2873342709675835
RIF,rpoB,rpoB_R871H,1.0,0.0,3) Uncertain significance,R871H,Unknown,871,877.0,10.012831817223352,443.0,0.2721125951839858
RIF,rpoB,rpoB_R871L,1.0,0.0,3) Uncertain significance,R871L,Unknown,871,877.0,10.012831817223352,443.0,0.2721125951839858
RIF,rpoB,rpoB_I873F,10.0,0.0,3) Uncertain significance,I873F,Unknown,873,879.0,13.78344010035232,443.0,0.195904050442626
RIF,rpoB,rpoB_S874Y,21.0,0.0,3) Uncertain significance,S874Y,Unknown,874,880.0,16.29488533252076,443.0,0.0609116679232823
RIF,rpoB,rpoB_S874F,1.0,0.0,3) Uncertain significance,S874F,Unknown,874,880.0,16.29488533252076,443.0,0.0609116679232823
RIF,rpoB,rpoB_G890D,0.0,2.0,3) Uncertain significance,G890D,Unknown,890,896.0,20.75593144139768,443.0,0.0136015223273594
RIF,rpoB,rpoB_G890C,1.0,0.0,3) Uncertain significance,G890C,Unknown,890,896.0,20.75593144139768,443.0,0.0136015223273594
RIF,rpoB,rpoB_K891E,15.0,0.0,3) Uncertain significance,K891E,Unknown,891,897.0,22.72073777411288,443.0,-0.0921877171454712
RIF,rpoB,rpoB_K891T,1.0,0.0,3) Uncertain significance,K891T,Unknown,891,897.0,22.72073777411288,443.0,-0.0921877171454712
RIF,rpoB,rpoB_I892T,0.0,2.0,3) Uncertain significance,I892T,Unknown,892,898.0,19.99265977802856,443.0,-0.0550943624027143
RIF,rpoB,rpoB_L893V,0.0,1.0,3) Uncertain significance,L893V,Unknown,893,899.0,25.548251525300135,443.0,-0.1886735012230284
RIF,rpoB,rpoB_L893R,0.0,1.0,3) Uncertain significance,L893R,Unknown,893,899.0,25.548251525300135,443.0,-0.1886735012230284
RIF,rpoB,rpoB_V895F,0.0,1.0,3) Uncertain significance,V895F,Unknown,895,901.0,28.242482822868098,443.0,-0.1934168537910105
RIF,rpoB,rpoB_E896K,1.0,0.0,3) Uncertain significance,E896K,Unknown,896,902.0,31.413576810035487,443.0,-0.1914584707820788
RIF,rpoB,rpoB_A902P,0.0,1.0,3) Uncertain significance,A902P,Unknown,902,908.0,36.25204173560434,445.0,-0.235419117202505
RIF,rpoB,rpoB_D903N,0.0,1.0,3) Uncertain significance,D903N,Unknown,903,909.0,33.29845071471044,445.0,-0.213216050572261
RIF,rpoB,rpoB_P906L,0.0,1.0,3) Uncertain significance,P906L,Unknown,906,912.0,27.592168635321134,443.0,-0.190722968639307
RIF,rpoB,rpoB_I909V,1.0,0.0,3) Uncertain significance,I909V,Unknown,909,915.0,19.61297412428824,443.0,-0.0098343033129308
RIF,rpoB,rpoB_I910V,0.0,3.0,3) Uncertain significance,I910V,Unknown,910,916.0,24.005716006818044,443.0,-0.1390639335526993
RIF,rpoB,rpoB_G915S,1.0,0.0,3) Uncertain significance,G915S,Unknown,915,921.0,23.86616211291627,454.0,0.1723834407087975
RIF,rpoB,rpoB_M920V,6.0,0.0,3) Uncertain significance,M920V,Unknown,920,926.0,21.066256762889793,454.0,0.2411770129582954
RIF,rpoB,rpoB_I925V,5.0,36.0,5) Not assoc w R,I925V,Susceptible,925,931.0,23.29513781886684,450.0,0.0174230000095484
RIF,rpoB,rpoB_T928N,1.0,0.0,3) Uncertain significance,T928N,Unknown,928,934.0,23.38064896447486,450.0,-0.0460301048507271
RIF,rpoB,rpoB_A934T,1.0,0.0,3) Uncertain significance,A934T,Unknown,934,940.0,23.01888835282885,445.0,-0.0008084314089914
RIF,rpoB,rpoB_A934V,0.0,1.0,3) Uncertain significance,A934V,Unknown,934,940.0,23.01888835282885,445.0,-0.0008084314089914
RIF,rpoB,rpoB_H935R,0.0,1.0,3) Uncertain significance,H935R,Unknown,935,941.0,24.559418091640527,445.0,-0.1091515665541825
RIF,rpoB,rpoB_S936R,0.0,5.0,3) Uncertain significance,S936R,Unknown,936,942.0,27.137880554678535,445.0,-0.1247619817388834
RIF,rpoB,rpoB_K939Q,0.0,2.0,3) Uncertain significance,K939Q,Unknown,939,945.0,33.512517571796955,445.0,-0.1512150014466043
RIF,rpoB,rpoB_A942T,0.0,1.0,3) Uncertain significance,A942T,Unknown,942,948.0,38.62013249588872,449.0,-0.1410784029147645
RIF,rpoB,rpoB_A943T,0.0,6.0,3) Uncertain significance,A943T,Unknown,943,949.0,41.930422499660075,449.0,-0.1247722666348411
RIF,rpoB,rpoB_K944N,0.0,2.0,3) Uncertain significance,K944N,Unknown,944,950.0,44.23779928974768,449.0,-0.1205551740123945
RIF,rpoB,rpoB_K944E,1.0,54.0,5) Not assoc w R,K944E,Susceptible,944,950.0,44.23779928974768,449.0,-0.1205551740123945
RIF,rpoB,rpoB_G945E,1.0,8.0,3) Uncertain significance,G945E,Unknown,945,951.0,40.10901798847735,449.0,-0.1064365678223197
RIF,rpoB,rpoB_G945R,0.0,1.0,3) Uncertain significance,G945R,Unknown,945,951.0,40.10901798847735,449.0,-0.1064365678223197
RIF,rpoB,rpoB_V946G,0.0,1.0,3) Uncertain significance,V946G,Unknown,946,952.0,36.31654687604536,449.0,-0.1124064532510956
RIF,rpoB,rpoB_A950V,0.0,1.0,3) Uncertain significance,A950V,Unknown,950,956.0,32.76811636331877,449.0,-0.0918960885208228
RIF,rpoB,rpoB_A951T,1.0,0.0,3) Uncertain significance,A951T,Unknown,951,957.0,32.94800632815284,449.0,-0.0679519057536683
RIF,rpoB,rpoB_R952K,0.0,1.0,3) Uncertain significance,R952K,Unknown,952,958.0,28.78389565364633,449.0,0.0046560706849971
RIF,rpoB,rpoB_P954R,0.0,3.0,3) Uncertain significance,P954R,Unknown,954,960.0,25.971966637126275,449.0,0.0355824886367129
RIF,rpoB,rpoB_D955N,0.0,4.0,3) Uncertain significance,D955N,Unknown,955,961.0,29.686906962497794,449.0,0.0029380459063039
RIF,rpoB,rpoB_A960E,2.0,2.0,3) Uncertain significance,A960E,Unknown,960,966.0,27.411136751327906,445.0,-0.045091983028469
RIF,rpoB,rpoB_N963S,0.0,2.0,3) Uncertain significance,N963S,Unknown,963,969.0,21.559795128896756,445.0,0.0969933266034379
RIF,rpoB,rpoB_N963D,0.0,1.0,3) Uncertain significance,N963D,Unknown,963,969.0,21.559795128896756,445.0,0.0969933266034379
RIF,rpoB,rpoB_I965V,0.0,4.0,3) Uncertain significance,I965V,Unknown,965,971.0,17.347973109271297,445.0,0.3119672505123363
RIF,rpoB,rpoB_V970M,2.0,0.0,3) Uncertain significance,V970M,Unknown,970,976.0,13.967171044989739,450.0,0.79242971112162
RIF,rpoB,rpoB_V970A,2.0,0.0,3) Uncertain significance,V970A,Unknown,970,976.0,13.967171044989739,450.0,0.79242971112162
RIF,rpoB,rpoB_F971L,14.0,0.0,3) Uncertain significance,F971L,Unknown,971,977.0,15.923870415197438,450.0,0.5966306804571065
RIF,rpoB,rpoB_G973D,4.0,0.0,3) Uncertain significance,G973D,Unknown,973,979.0,20.957289089956262,449.0,0.2529018794063918
RIF,rpoB,rpoB_A974T,1.0,0.0,3) Uncertain significance,A974T,Unknown,974,980.0,22.761762277995963,449.0,0.1152229483030917
RIF,rpoB,rpoB_A974G,0.0,1.0,3) Uncertain significance,A974G,Unknown,974,980.0,22.761762277995963,449.0,0.1152229483030917
RIF,rpoB,rpoB_Q975H,53.0,5.0,3) Uncertain significance,Q975H,Unknown,975,981.0,25.80528552448121,450.0,0.0122083390517343
RIF,rpoB,rpoB_A977T,0.0,2.0,3) Uncertain significance,A977T,Unknown,977,983.0,30.661993477267583,450.0,-0.0827783614333531
RIF,rpoB,rpoB_A977V,0.0,1.0,3) Uncertain significance,A977V,Unknown,977,983.0,30.661993477267583,450.0,-0.0827783614333531
RIF,rpoB,rpoB_Q980R,1.0,0.0,3) Uncertain significance,Q980R,Unknown,980,986.0,30.97272638951888,450.0,-0.1354326363578628
RIF,rpoB,rpoB_Q980K,1.0,0.0,3) Uncertain significance,Q980K,Unknown,980,986.0,30.97272638951888,450.0,-0.1354326363578628
RIF,rpoB,rpoB_G981D,1.0,0.0,3) Uncertain significance,G981D,Unknown,981,987.0,33.07226139833803,449.0,-0.1756509300758273
RIF,rpoB,rpoB_S984L,0.0,1.0,3) Uncertain significance,S984L,Unknown,984,990.0,35.022294770617194,449.0,-0.2085778494590165
RIF,rpoB,rpoB_P988A,0.0,1.0,3) Uncertain significance,P988A,Unknown,988,994.0,33.855350714473474,445.0,-0.1730762432399264
RIF,rpoB,rpoB_P988S,0.0,1.0,3) Uncertain significance,P988S,Unknown,988,994.0,33.855350714473474,445.0,-0.1730762432399264
RIF,rpoB,rpoB_G992R,1.0,0.0,3) Uncertain significance,G992R,Unknown,992,998.0,39.1088013879229,445.0,-0.1893120757947715
RIF,rpoB,rpoB_D993G,0.0,1.0,3) Uncertain significance,D993G,Unknown,993,999.0,36.51699459155969,445.0,-0.1967679516737979
RIF,rpoB,rpoB_V996G,1.0,0.0,3) Uncertain significance,V996G,Unknown,996,1002.0,31.756156143336984,445.0,-0.2442479444040242
RIF,rpoB,rpoB_V996A,1.0,0.0,3) Uncertain significance,V996A,Unknown,996,1002.0,31.756156143336984,445.0,-0.2442479444040242
RIF,rpoB,rpoB_D997E,0.0,1.0,3) Uncertain significance,D997E,Unknown,997,1003.0,34.92009434408789,445.0,-0.2347584384381391
RIF,rpoB,rpoB_A998V,0.0,2.0,3) Uncertain significance,A998V,Unknown,998,1004.0,35.20102218686269,450.0,-0.1746370682414176
RIF,rpoB,rpoB_A1002P,0.0,3.0,3) Uncertain significance,A1002P,Unknown,1002,1008.0,34.07156687033925,445.0,-0.257180420136688
RIF,rpoB,rpoB_L1004I,0.0,1.0,3) Uncertain significance,L1004I,Unknown,1004,1010.0,32.53244603468974,443.0,-0.2714608445675004
RIF,rpoB,rpoB_F1005V,0.0,1.0,3) Uncertain significance,F1005V,Unknown,1005,1011.0,35.402697425478735,443.0,-0.2611159643172424
RIF,rpoB,rpoB_D1006G,0.0,1.0,3) Uncertain significance,D1006G,Unknown,1006,1012.0,35.984490631381746,443.0,-0.2762747157002238
RIF,rpoB,rpoB_R1008C,2.0,0.0,3) Uncertain significance,R1008C,Unknown,1008,1014.0,32.52190352670029,443.0,-0.2292059123098837
RIF,rpoB,rpoB_S1009T,0.0,1.0,3) Uncertain significance,S1009T,Unknown,1009,1015.0,39.05583643964113,443.0,-0.2013998167949108
RIF,rpoB,rpoB_E1011A,0.0,1.0,3) Uncertain significance,E1011A,Unknown,1011,1017.0,40.08561502584187,443.0,-0.221261398596178
RIF,rpoB,rpoB_P1014S,0.0,1.0,3) Uncertain significance,P1014S,Unknown,1014,1020.0,40.4281169855832,443.0,-0.2133823310099892
RIF,rpoB,rpoB_P1014R,0.0,1.0,3) Uncertain significance,P1014R,Unknown,1014,1020.0,40.4281169855832,443.0,-0.2133823310099892
RIF,rpoB,rpoB_Y1015C,1.0,0.0,3) Uncertain significance,Y1015C,Unknown,1015,1021.0,37.748575933404425,443.0,-0.2086874792912638
RIF,rpoB,rpoB_H1028R,1.0,1.0,3) Uncertain significance,H1028R,Unknown,1028,1034.0,2.7295915445355803,443.0,1.213395882752755
RIF,rpoB,rpoB_H1028Y,5.0,0.0,3) Uncertain significance,H1028Y,Unknown,1028,1034.0,2.7295915445355803,443.0,1.213395882752755
RIF,rpoB,rpoB_H1028D,1.0,0.0,3) Uncertain significance,H1028D,Unknown,1028,1034.0,2.7295915445355803,443.0,1.213395882752755
RIF,rpoB,rpoB_I1035T,1.0,0.0,3) Uncertain significance,I1035T,Unknown,1035,1041.0,15.878815195095648,443.0,0.133132180941513
RIF,rpoB,rpoB_I1035V,1.0,0.0,3) Uncertain significance,I1035V,Unknown,1035,1041.0,15.878815195095648,443.0,0.133132180941513
RIF,rpoB,rpoB_I1046V,1.0,0.0,3) Uncertain significance,I1046V,Unknown,1046,1052.0,22.819001380428542,433.0,-0.0653605567312039
RIF,rpoB,rpoB_K1054R,1.0,0.0,3) Uncertain significance,K1054R,Unknown,1054,1060.0,15.41708276555589,443.0,0.1191166708543566
RIF,rpoB,rpoB_A1055P,1.0,0.0,3) Uncertain significance,A1055P,Unknown,1055,1061.0,16.447368968926334,443.0,0.2896196676946793
RIF,rpoB,rpoB_Q1056R,3.0,0.0,3) Uncertain significance,Q1056R,Unknown,1056,1062.0,18.777198939138916,432.0,0.1952883047172664
RIF,rpoB,rpoB_C1067G,0.0,1.0,3) Uncertain significance,C1067G,Unknown,1067,1073.0,30.369483071004034,458.0,-0.152297668888275
RIF,rpoB,rpoB_M1070T,0.0,1.0,3) Uncertain significance,M1070T,Unknown,1070,1076.0,34.329889265769566,458.0,-0.1967540012539087
RIF,rpoB,rpoB_M1070I,0.0,1.0,3) Uncertain significance,M1070I,Unknown,1070,1076.0,34.329889265769566,458.0,-0.1967540012539087
RIF,rpoB,rpoB_Q1080R,1.0,0.0,3) Uncertain significance,Q1080R,Unknown,1080,1086.0,37.58626319548141,435.0,-0.3166074006056265
RIF,rpoB,rpoB_K1095R,1.0,0.0,3) Uncertain significance,K1095R,Unknown,1095,1101.0,41.80618206677096,443.0,-0.3641756575500641
RIF,rpoB,rpoB_K1102T,2.0,0.0,3) Uncertain significance,K1102T,Unknown,1102,1108.0,43.927015924143994,443.0,-0.3086639770144987
RIF,rpoB,rpoB_K1102R,0.0,1.0,3) Uncertain significance,K1102R,Unknown,1102,1108.0,43.927015924143994,443.0,-0.3086639770144987
RIF,rpoB,rpoB_I1106T,15.0,0.0,3) Uncertain significance,I1106T,Unknown,1106,1112.0,41.578674028881686,443.0,-0.318908155335586
RIF,rpoB,rpoB_I1111V,1.0,0.0,3) Uncertain significance,I1111V,Unknown,1111,1117.0,37.486376431978606,435.0,-0.3332368594233322
RIF,rpoB,rpoB_V1117L,0.0,1.0,3) Uncertain significance,V1117L,Unknown,1117,1123.0,28.54410072151513,435.0,-0.2052792044558122
RIF,rpoB,rpoB_S1124A,0.0,2.0,3) Uncertain significance,S1124A,Unknown,1124,1130.0,30.31061030398432,433.0,-0.1392216202360171
RIF,rpoB,rpoB_V1129A,0.0,1.0,3) Uncertain significance,V1129A,Unknown,1129,1135.0,36.41500166140324,435.0,-0.2284007391741021
RIF,rpoB,rpoB_E1130V,0.0,1.0,3) Uncertain significance,E1130V,Unknown,1130,1136.0,40.62408470353518,435.0,-0.2414804337692349
RIF,rpoB,rpoB_L1132V,0.0,1.0,3) Uncertain significance,L1132V,Unknown,1132,1138.0,44.8708773705173,435.0,-0.260963472322231
RIF,rpoB,rpoB_S1134R,0.0,1.0,3) Uncertain significance,S1134R,Unknown,1134,1140.0,50.50334264184897,435.0,-0.2436297995591755
RIF,rpoB,rpoB_E1140Q,1.0,0.0,3) Uncertain significance,E1140Q,Unknown,1140,1146.0,44.34795712318663,433.0,-0.3006504595060828
RIF,rpoB,rpoB_E1145G,0.0,4.0,3) Uncertain significance,E1145G,Unknown,1145,1151.0,44.298676650663076,433.0,-0.3051470491526205
RIF,rpoB,rpoB_D1146G,0.0,1.0,3) Uncertain significance,D1146G,Unknown,1146,1152.0,46.86481871297488,433.0,-0.2915497061886311
RIF,rpoB,rpoB_D1148E,0.0,1.0,3) Uncertain significance,D1148E,Unknown,1148,1154.0,49.060697121015295,432.0,-0.3236229821921522
RIF,rpoB,rpoB_A1153V,1.0,0.0,3) Uncertain significance,A1153V,Unknown,1153,1159.0,50.8016291274207,432.0,-0.3247526733015473
RIF,rpoB,rpoB_N1155S,2.0,1.0,3) Uncertain significance,N1155S,Unknown,1155,1161.0,49.678906771385385,443.0,-0.3327358473532255
RIF,rpoB,rpoB_V1168F,0.0,1.0,3) Uncertain significance,V1168F,Unknown,1168,1174.0,,,
RIF,rpoB,rpoB_E1169A,0.0,1.0,3) Uncertain significance,E1169A,Unknown,1169,1175.0,,,
