drug,gene,variant,confidence,one_letter_mutation,frequency,phenotype,position,Proximity_1D,Nearest_1D_Index,Proximity_to_R_Conferring,Nearest_Mutation_Index,G_score,WHO_Adjusted_Position,Proximity_to_R_Conferring_zeroed,binary_confidence,confidence_2023,true_label,model_prediction,correct,correct_str
Ethambutol,embB,embB_p.Val456Ala,1) Assoc w R,V456A,0.9047619047619048,Resistant,456,11.0,445.0,16.113939989959007,445.0,0.1319878897200956,,16.113939989959007,1,1) Assoc w R,1,0,False,Incorrect
Ethambutol,embB,embB_p.Thr642Ala,2) Assoc w R - Interim,T642A,0.8333333333333334,Resistant,642,138.0,504.0,15.739759528023294,296.0,-0.0201350001508551,,15.739759528023294,1,2) Assoc w R - Interim,1,0,False,Incorrect
Ethionamide,ethA,ethA_p.Thr321Pro,1) Assoc w R,T321P,1.0,Resistant,321,7.0,314.0,10.297886848449709,205.0,-1.6612030552501125,,10.297886848449709,1,1) Assoc w R,1,0,False,Incorrect
Isoniazid,katG,katG_p.Met257Ile,2) Assoc w R - Interim,M257I,0.875,Resistant,257,22.0,279.0,7.792862246953939,110.0,-0.0231078386762539,,7.792862246953939,1,2) Assoc w R - Interim,1,0,False,Incorrect
Isoniazid,katG,katG_p.Ser457Gly,4) Not assoc w R - Interim,S457G,0.0,Susceptible,457,4.0,461.0,3.1100826355581006,461.0,-0.4253775762790253,,3.1100826355581006,0,4) Not assoc w R - Interim,0,1,False,Incorrect
Rifampicin,rpoB,rpoB_p.Ser16Cys,5) Not assoc w R,S16C,0.0,Susceptible,16,154.0,176.0,,,0.0,22.0,0.0,0,5) Not assoc w R,0,1,False,Incorrect
Streptomycin,gid,gid_p.Ala10Val,4) Not assoc w R - Interim,A10V,0.1666666666666666,Susceptible,10,9.0,19.0,,,0.0,,0.0,0,4) Not assoc w R - Interim,0,1,False,Incorrect
Streptomycin,gid,gid_p.Leu91Val,4) Not assoc w R - Interim,L91V,0.8571428571428571,Susceptible,91,1.0,90.0,1.3288562751479205,90.0,2.577260913041187,,0.0,0,4) Not assoc w R - Interim,0,1,False,Incorrect
Streptomycin,rpsL,rpsL_p.Gly124Ser,4) Not assoc w R - Interim,G124S,0.0,Susceptible,124,36.0,88.0,,,0.0,,0.0,0,4) Not assoc w R - Interim,0,1,False,Incorrect
